lat,lon,primary,name
48.614679,16.018598,false,"Kellergasse Mittergrabern (Osten), Mittergrabern, Grabern"
48.618375,16.006666,false,"Kellergasse Mittergrabern (2), Dorfberg beim Friedhof, Mittergrabern, Grabern"
48.60865,15.992887,false,"Kellergasse Obergrabern, Obergrabern, Grabern"
48.6096,15.9946,false,"Berigärten, Obergrabern, Obergrabern, Grabern"
48.6259,16.0199,false,"Nördliches Hintaus, Obersteinabrunn, Obersteinabrunn, Grabern"
48.6096,15.9946,false,"Südliches Hintaus, Obersteinabrunn, Obersteinabrunn, Grabern"
48.62673,16.02557,false,"Windpassinger Weg, Obersteinabrunn, Obersteinabrunn, Grabern"
48.60205,16.05198,false,"Kellergasse Schöngrabern, Schöngrabern, Grabern"
48.59923,16.0681,false,"Südöstliches Hintaus, Schöngrabern, Schöngrabern, Grabern"
48.62936,16.04316,false,"Petrusberg, Windpassing, Windpassing, Grabern"
48.62025,16.04269,false,"Nördliches Hintaus, Windpassing, Windpassing, Grabern"
48.410706,15.978501,false,"Neugebäude, Absberg, Absdorf"
48.416243,15.970898,false,"Kellergasse, Absberg, Absdorf"
48.711728,16.095188,false,"Kellergasse, Alberndorf im Pulkautal, Alberndorf im Pulkautal"
48.647805,16.797714,false,"Bogengasse/Mühlberggasse, Altlichtenwarth, Altlichtenwarth"
48.646498,16.793851,false,"Schillergasse, Altlichtenwarth, Altlichtenwarth"
48.649065,16.797081,false,"Silberberg/Kellergasse, Altlichtenwarth, Altlichtenwarth"
48.03218,16.72022,false,"Bubenbühel, Wilfleinsdorf, Bruck an der Leitha"
48.419,16.8418,false,"Kellergasse Berggasse (""Richtung Dürnkrut""), Grub an der March, Angern an der March"
48.420884,16.833551,false,"Kellergasse (""Richtung Ebenthal""), Grub an der March, Angern an der March"
48.399851,16.792681,false,"Kellerstraße, Ollersdorf, Angern an der March"
48.411511,16.838558,false,"Kirchweg/Quadengasse/Wienergasse, Stillfried, Angern an der March"
48.400687,16.841157,false,"Kellerberg / Rochusberg, Mannersdorf an der March, Angern an der March"
48.614,16.4702,false,"In der Rain, Altmanns, Asparn an der Zaya"
48.6093,16.4717,false,"Klosterwald, Altmanns, Asparn an der Zaya"
48.6173,16.4663,false,"Rebhendlgstetten, Altmanns, Asparn an der Zaya"
48.58352,16.50032,false,"""Bei der Fürnkranzmühle"", Asparn an der Zaya, Asparn an der Zaya"
48.582971,16.489445,false,"""Beim Friedhof"", Asparn an der Zaya, Asparn an der Zaya"
48.58646,16.49811,false,"Gaisenlücke, Asparn an der Zaya, Asparn an der Zaya"
48.58306,16.42601,false,"""Bei der Kirche"", Michelstetten, Asparn an der Zaya"
48.58432,16.42362,false,"Kellergasse, Michelstetten, Asparn an der Zaya"
48.5939,16.4708,false,"""Hintaus"", Olgersdorf, Asparn an der Zaya"
48.5806,16.46595,false,"Kellergasse, Schletz, Asparn an der Zaya"
48.2384,15.8987,false,"Hauptstrasse, Großgraben, Asperhofen"
48.28545,15.86243,false,", Ebersdorf, Atzenbrugg"
48.28661,15.86596,false,Keller nö. v. Ebersdorf
48.3061,15.86255,false,"Haltergasse (Halterweg), Hütteldorf, Atzenbrugg"
48.30272,15.89651,false,"Kellergasse, Moosbierbaum, Atzenbrugg"
48.28464,15.85096,false,", Tautendorf, Atzenbrugg"
48.31251,15.86923,false,"Erdpress, Trasdorf, Atzenbrugg"
48.31164,15.87446,false,"""Hintaus"" (Im Graben), Trasdorf, Atzenbrugg"
48.31026,15.8774,false,"Kellergasse (Bindergasse), Trasdorf, Atzenbrugg"
48.31371,15.86054,false,"Steingraben, Trasdorf, Atzenbrugg"
48.31248,15.86558,false,"im Tal, Trasdorf, Atzenbrugg"
48.286692,15.887483,false,", Weinzierl, Atzenbrugg"
48.373433,16.630158,false,"Bockfließerstraße, Auersthal, Auersthal"
48.376418,16.625706,false,"Wunderberg, Auersthal, Auersthal"
48.4482,16.6023,false,"""Bei der Feldgasse"", Bad Pirawarth, Bad Pirawarth"
48.4544,16.6021,false,"Bindergasse/Oberer Berg/""Hohlweg"", Bad Pirawarth, Bad Pirawarth"
48.4504,16.5996,false,"Herrengasse, Bad Pirawarth, Bad Pirawarth"
48.4488,16.6006,false,"Kellerweg, Bad Pirawarth, Bad Pirawarth"
48.4522,16.6041,false,"Unterer Berg, Bad Pirawarth, Bad Pirawarth"
48.4493,16.5963,false,"Viehtrift/Linke Vorstadt, Bad Pirawarth, Bad Pirawarth"
48.4517,16.5939,false,"Wiener Weg, Bad Pirawarth, Bad Pirawarth"
48.4617,16.5818,false,"""Verlängerung Sommerzeile"", Kollnbrunn, Bad Pirawarth"
48.4648,16.5902,false,"Am Kellerberg, Kollnbrunn, Bad Pirawarth"
48.6976,16.77828,false,Keller Adamsberg
48.69221,16.86316,false,"Kellergasse, Bernhardsthal, Bernhardsthal"
48.693873,16.863481,false,"Keller an der Straße nach Reinthal, Bernhardsthal, Bernhardsthal"
48.70329,16.78161,false,"Marterberg, Radschin, Katzelsdorf, Bernhardsthal"
48.70246,16.77803,false,"Teichberg, Katzelsdorf, Bernhardsthal"
48.701681,16.819144,false,"Kellergasse, 2. Hintaus, Reinthal, Bernhardsthal"
48.70538,16.8221,false,"Gstätte, Feldsberger Straße, Reinberg, Ziegelofenweg, Reinthal, Bernhardsthal"
48.70368,16.82565,false,Gstätte
48.70566,16.82305,false,Feldsberger Straße
48.70489,16.82116,false,Reinberg
48.70497,16.8194,false,Ziegelofenweg
48.70035,16.82677,false,"Bernhardsthaler Straße, Reinthal, Bernhardsthal"
48.3292,16.3663,false,"Kellergasse, Bisamberg, Bisamberg"
48.328669,16.361897,false,"Anton-Zickl-Gasse, Bisamberg, Bisamberg"
48.339,16.3779,false,"Kellergasse, Kleinengersdorf, Bisamberg"
48.362188,16.594673,false,"Obere Kellergasse, Bockfließ, Bockfließ"
48.3634,16.6027,false,"Untere Kellergasse, Bockfließ, Bockfließ"
48.36094,16.59139,false,"Wolkersdorfer Straße, Bockfließ, Bockfließ"
48.587414,15.775251,false,"Kellergasse, Amelsdorf, Burgschleinitz-Kühnring"
48.603132,15.814585,false,"""An der Bundesstraße"", Burgschleinitz, Burgschleinitz-Kühnring"
48.606385,15.815343,false,"""In der Nähe der Kirche"", Burgschleinitz, Burgschleinitz-Kühnring"
48.59937,15.73782,false,", Harmannsdorf, Burgschleinitz-Kühnring"
48.6354,15.7831,false,"""Hintaus"", Kühnring, Burgschleinitz-Kühnring"
48.630071,15.776122,false,"""Reinprechtspöllarer Straße"", Kühnring, Burgschleinitz-Kühnring"
48.60121,15.78414,false,", Matzelsdorf, Burgschleinitz-Kühnring"
48.6163,15.7586,false,"""Horner Straße"", Reinprechtspölla, Burgschleinitz-Kühnring"
48.585362,15.759044,false,"""Südwestlich der Ortschaft"", Sachsendorf, Burgschleinitz-Kühnring"
48.619252,15.821839,false,"""Etzmannsdorfer Straße"", Zogelsdorf, Burgschleinitz-Kühnring"
48.20345,15.76824,false,"bei der Kronbergmühle, Böheimkirchen und Hinterberg, Böheimkirchen"
48.22425,15.75933,false,"Grafendorfer Kellergasse, Untergrafendorf, Böheimkirchen"
48.75843,16.64739,false,"Kreuzlüssen, Drasenhofen, Drasenhofen"
48.75855,16.65484,false,"Winkel, Drasenhofen, Drasenhofen"
48.75572,16.60134,false,"""2. Hintaus"", Kleinschweinbarth, Drasenhofen"
48.75415,16.60782,false,"Kreuzberg, Kleinschweinbarth, Drasenhofen"
48.75378,16.60038,false,"Ottenthaler Kellergasse/Hintaus, Kleinschweinbarth, Drasenhofen"
48.75262,16.66666,false,"""Hinter der Firma Fuhrmann"", Steinebrunn, Drasenhofen"
48.75494,16.66488,false,"""Voitelsbrunner Straße"", Steinebrunn, Drasenhofen"
48.74991,16.66611,false,"Liss, Steinebrunn, Drasenhofen"
48.74194,16.61578,false,"""Hauptstraße"", Stützenhofen, Drasenhofen"
48.74322,16.61151,false,"""Hintaus"", Stützenhofen, Drasenhofen"
48.53891,16.87358,false,"Heide, Drösing, Drösing"
48.5366,16.902,false,"Kellergasse, Drösing, Drösing"
48.5257,16.88706,false,"Kellergasse, Waltersdorf an der March, Drösing"
48.52875,16.8857,false,"Ziegelofengasse, Waltersdorf an der March, Drösing"
48.47587,16.84968,false,"Franz Holbein Straße, Dürnkrut, Dürnkrut"
48.47611,16.8464,false,"Kirchenberg, Dürnkrut, Dürnkrut"
48.473911,16.846542,false,"Pfarrgasse, Dürnkrut, Dürnkrut"
48.467,16.821,false,"Am Alten Friedhof, Waidendorf, Dürnkrut"
48.466246,16.827037,false,"Am Kruttberg, Waidendorf, Dürnkrut"
48.4612,16.8307,false,"Bodenzeile, Waidendorf, Dürnkrut"
48.465251,16.829508,false,"Brunnhausstraße, Waidendorf, Dürnkrut"
48.465998,16.817574,false,"Kirchenplatz/Mühlgasse, Waidendorf, Dürnkrut"
48.392763,15.554227,false,"""Bei der Bahn"", Unterloiben, Dürnstein"
48.43746,16.77682,false,"Kellergasse/""Protteser Straße"", Ebenthal, Ebenthal"
48.05976,16.53875,false,"Lehmgrube, Wienerherberg, Ebergassing"
48.06631,16.55488,false,"Kellergasse, Wienerherberg, Ebergassing"
48.06351,16.5491,false,"Simandlgasse, Wienerherberg, Ebergassing"
48.65831,15.799736,false,"""Landesstraße"", Engelsdorf, Eggenburg"
48.651048,15.86499,false,"Kellergasse, Stoitzendorf, Eggenburg"
48.641693,15.8729,false,"Wartberger Straße, Stoitzendorf, Eggenburg"
48.06214,16.61841,false,"""An der B10"", Enzersdorf an der Fischa, Enzersdorf an der Fischa"
48.08241,16.62294,false,"Huberzeile, Enzersdorf an der Fischa, Enzersdorf an der Fischa"
48.08991,16.61879,false,"Loamgstetten, Enzersdorf an der Fischa, Enzersdorf an der Fischa"
48.08436,16.62295,false,"Mitterbergweg, Enzersdorf an der Fischa, Enzersdorf an der Fischa"
48.07758,16.61778,false,"Neuer Berg, Enzersdorf an der Fischa, Enzersdorf an der Fischa"
48.36834,16.42553,false,"Aukeller, Enzersfeld im Weinviertel, Enzersfeld im Weinviertel"
48.37235,16.42319,false,"Laimgstettenkeller, Enzersfeld im Weinviertel, Enzersfeld im Weinviertel"
48.37004,16.42324,false,"Neustiftkeller, Enzersfeld im Weinviertel, Enzersfeld im Weinviertel"
48.36958,16.43193,false,"Schüller/Wald/Fürstenberg/Satzkeller, Enzersfeld im Weinviertel, Enzersfeld im Weinviertel"
48.34794,16.4128,false,"""Hagenbrunnerstraße"", Königsbrunn, Enzersfeld im Weinviertel"
48.52428,16.35846,false,"Huttererstraße, Ernstbrunn, Ernstbrunn"
48.512064,16.382961,false,"""Südliches Ortsende"", Gebmanns, Ernstbrunn"
48.5101,16.31062,false,"""Beim Friedhof"", Maisbirbaum, Ernstbrunn"
48.51186,16.30292,false,"""Hintaus"", Maisbirbaum, Ernstbrunn"
48.50882,16.30363,false,"Kellergasse, Maisbirbaum, Ernstbrunn"
48.5326,16.30426,false,", Merkersdorf (Gemeinde Ernstbrunn), Ernstbrunn"
48.49548,16.36394,false,", Naglern, Ernstbrunn"
48.51158,16.33259,false,"""Bei der Kirche"", Simonsfeld, Ernstbrunn"
48.50576,16.33569,false,"""Hintaus"", Simonsfeld, Ernstbrunn"
48.45384,15.76372,false,"Weinbergstraße, Engabrunn, Grafenegg"
48.464511,15.766001,false,"Kellergasse, Engabrunn, Grafenegg"
48.450577,15.7472,false,"Kellergasse, Etsdorf am Kamp, Grafenegg"
48.45931,15.75413,false,"Raststatt, Etsdorf am Kamp, Grafenegg"
48.461,15.739,false,"Kellergasse Galgenberg, Walkersdorf am Kamp, Grafenegg"
48.71564,16.5762,false,"Dörfel/Stürzenbühel, Falkenstein, Falkenstein"
48.719961,16.589808,false,"Kellergasse ""Oagossen"", Falkenstein, Falkenstein"
48.723175,16.590352,false,"Neuer Weg, Falkenstein, Falkenstein"
48.7249,16.585818,false,"Schlossberg, Falkenstein, Falkenstein"
48.513201,16.156223,false,", Bergau, Göllersdorf"
48.490528,16.096503,false,"""Bei der Kirche"", Eitzersthal, Göllersdorf"
48.504294,16.089169,false,", Furth, Göllersdorf"
48.50097,16.101655,false,"""An der Eitzersthaler Straße"", Großstelzendorf, Göllersdorf"
48.508233,16.107302,false,"""Kellergasse"", Großstelzendorf, Göllersdorf"
48.489142,16.113393,false,"""Nördlich der Schießstattstraße an der S3"", Göllersdorf, Göllersdorf"
48.490271,16.11638,false,"Gerichtsberggasse/Schießstattgasse, Göllersdorf, Göllersdorf"
48.496132,16.112572,false,"Spitalgasse, Göllersdorf, Göllersdorf"
48.49238,16.11472,false,"Tullner Straße, Göllersdorf, Göllersdorf"
48.470762,16.09375,false,"""Hohlweg"", Oberparschenbrunn, Göllersdorf"
48.47513,16.09728,false,"""Kellergasse"", Oberparschenbrunn, Göllersdorf"
48.532872,16.163819,false,"""Bei der Kirche"", Porrau, Göllersdorf"
48.486477,16.138611,false,", Viendorf, Göllersdorf"
48.65271,16.4149,false,"""Friessritzer Straße"", Fallbach, Fallbach"
48.65579,16.41617,false,"""Kirchweg"", Fallbach, Fallbach"
48.65604,16.41565,false,"""Ungerndorfer Straße beim Gemeindeamt"", Fallbach, Fallbach"
48.65595,16.41026,false,"Gaubitscher Kellern, Fallbach, Fallbach"
48.63065,16.43044,false,"""Hintaus"", Friebritz, Fallbach"
48.63523,16.45678,false,"""Frättingsdorfer Straße"", Hagenberg, Fallbach"
48.63348,16.45611,false,"Kellerberg, Hagenberg, Fallbach"
48.66651,16.44026,false,"Schenkasberg, Hagendorf, Fallbach"
48.64781,16.44573,false,"""Hintaus"", Loosdorf, Fallbach"
48.65091,16.44379,false,"Mitterfeld, Loosdorf, Fallbach"
48.45349,15.83067,false,"""Scheibe"", Fels am Wagram, Fels am Wagram"
48.45141,15.81334,false,"Dorner, Fels am Wagram, Fels am Wagram"
48.45364,15.83419,false,"Floß, Fels am Wagram, Fels am Wagram"
48.4526,15.826,false,"Hammergraben, Fels am Wagram, Fels am Wagram"
48.45218,15.82173,false,"Mitterweg, Fels am Wagram, Fels am Wagram"
48.45366,15.81886,false,"Steinagrund, Fels am Wagram, Fels am Wagram"
48.45257,15.82389,false,"Zwerigraben, Fels am Wagram, Fels am Wagram"
48.46733,15.80832,false,"Florianigasse, Gösing am Wagram, Fels am Wagram"
48.47134,15.81476,false,"Mittersteig, Gösing am Wagram, Fels am Wagram"
48.46731,15.82128,false,"Untere Zeile, Gösing am Wagram, Fels am Wagram"
48.48741,15.80645,false,"Kellerstraße, Stettenhof, Fels am Wagram"
48.4418,15.84526,false,"Kellergasse, Thürnthal, Fels am Wagram"
48.43818,15.8588,false,"Wienerstraße, Thürnthal, Fels am Wagram"
48.38338,15.5974,false,"Neubergweg, Furth bei Göttweig, Furth bei Göttweig"
48.38213,15.61785,false,"Fuchastraße/Hohlweg, Palt, Furth bei Göttweig"
48.37081,15.59942,false,"Steingasse, Steinaweg, Furth bei Göttweig"
48.37486,15.60975,false,"Zellergraben/Kellergraben, Furth bei Göttweig, Aigen, Furth bei Göttweig"
48.5895,15.7184,false,"""Kellergasse"", Kotzendorf, Gars am Kamp"
48.5772,15.6819,false,"""Kellergasse"", Maiersch, Gars am Kamp"
48.6021,15.7079,false,"""Kellergasse"", Nonndorf bei Gars, Gars am Kamp"
48.19897,15.19381,false,"Kellerhäuser, Steinwand, Harlanden, Erlauf"
48.18674,15.20121,false,"Obere Kellergasse, Harlanden, Erlauf"
48.10446,17.0431,false,"Kellergasse, Berg (Niederösterreich), Berg (Niederösterreich)"
48.46187,15.57689,false,"Kellergasse, Droß, Droß"
48.34341,16.7183,false,"Am Halterberg, Gänserndorf, Gänserndorf"
48.34338,16.7191,false,"Obere Kellergasse, Gänserndorf, Gänserndorf"
48.34244,16.72109,false,"Untere Kellergasse, Gänserndorf, Gänserndorf"
48.677,16.40048,false,"Sandgstettten, Altenmarkt, Gaubitsch"
48.67132,16.39158,false,"Schintagrube, Altenmarkt, Gaubitsch"
48.6768,16.3928,false,", Altenmarkt, Gaubitsch"
48.65957,16.37803,false,", Gaubitsch, Gaubitsch"
48.65178,16.38335,false,"Bergzeile(ugs. ""Berizäun""), Gaubitsch, Gaubitsch"
48.50277,16.55288,false,"Kellertrift ""Am Hausweingarten"", Atzelsdorf, Gaweinstal"
48.50318,16.54901,false,"Satzbergstraße, Atzelsdorf, Gaweinstal"
48.48136,16.5824,false,"Bischof-Schneider-Straße, Gaweinstal, Gaweinstal"
48.48038,16.58681,false,"Kellergasse, Gaweinstal, Gaweinstal"
48.47445,16.58335,false,"Scheicherstraße/Annastraße, Gaweinstal, Gaweinstal"
48.47883,16.58848,false,"Untere Bergstraße, Gaweinstal, Gaweinstal"
48.49799,16.56822,false,"Beim Marterl, Höbersbrunn, Gaweinstal"
48.50669,16.57558,false,"Gartenzeile, Höbersbrunn, Gaweinstal"
48.50359,16.57346,false,"Verlängerung der Gartenzeile, Höbersbrunn, Gaweinstal"
48.50782,16.57905,false,"Im Hanfthal, Höbersbrunn, Gaweinstal"
48.50237,16.57116,false,"In Kräutern / In den Greuten, Höbersbrunn, Gaweinstal"
48.48354,16.63074,false,"Langen Weingärten, Martinsdorf, Gaweinstal"
48.46857,16.64026,false,"Hintaus, Martinsdorf, Gaweinstal"
48.48751,16.54867,false,"Kreuzstettenweg, Pellendorf, Gaweinstal"
48.48634,16.55859,false,"Am Schlossberg, Pellendorf, Gaweinstal"
48.48429,16.55804,false,"Leopold-Frank-Straße, Pellendorf, Gaweinstal"
48.51509,16.62527,false,"Hobersdorfer Straße, Leitergasse, Schrick, Gaweinstal"
48.51454,16.62297,false,"Am Kellerberg, Schrick, Gaweinstal"
48.50683,16.61137,false,"Josef-Weiland-Straße, Brunnenweg, Schrick, Gaweinstal"
48.50863,16.61166,false,"Hohlweg zur Oberen Lüsse, Schrick, Gaweinstal"
48.5205,16.62742,false,"Kellergasse ""Im Holitsch"", Schrick, Gaweinstal"
48.49905,16.55389,false,"Leopold Schiffmann-Straße, Atzelsdorf, Gaweinstal"
48.75884,15.70356,false,"Nonnersdorfer Straße, Dallein, Geras"
48.43958,15.70279,false,"an der Bundesstraße, Gedersdorf, Gobelsburg, Hadersdorf am Kamp, Gedersdorf, Langenlois, Hadersdorf-Kammern"
48.43788,15.68053,false,"Holzgasse, Gedersdorf, Gedersdorf"
48.43167,15.67219,false,"Marchgasse, Gedersdorf, Rohrendorf bei Krems, Gedersdorf, Rohrendorf bei Krems"
48.43381,15.67484,false,"Reisenthal, Gedersdorf, Gedersdorf"
48.43271,15.67369,false,"Schäffgasse, Gedersdorf, Gedersdorf"
48.43579,15.67778,false,"Weidgasse (auch: Weitgasse), Gedersdorf, Gedersdorf"
48.434198,15.678735,false,"Leithenweg, Gedersdorf, Gedersdorf"
48.61783,16.35763,false,"Hintaus, Eichenbrunn, Gnadendorf"
48.61892,16.35241,false,"Trift, Eichenbrunn, Gnadendorf"
48.61442,16.40104,false,"Bei der Kirche, Gnadendorf, Gnadendorf"
48.61643,16.40179,false,"Hauptstraße, Gnadendorf, Gnadendorf"
48.61812,16.39125,false,"Eichenbrunner Straße, Gnadendorf, Gnadendorf"
48.61832,16.40304,false,"Kellergstetten, Gnadendorf, Gnadendorf"
48.61239,16.34105,false,"Hintaus, Röhrabrunn, Gnadendorf"
48.61204,16.41955,false,"Beim Friedhof, Wenzersdorf, Gnadendorf"
48.61526,16.43344,false,"Am Anger, Zwentendorf, Gnadendorf"
48.61091,16.43287,false,"Hintaus, Zwentendorf, Gnadendorf"
48.06828,16.70296,false,"Kellergasse, Arbesthal, Göttlesbrunn-Arbesthal"
48.05735,16.74158,false,"Florianigasse, Göttlesbrunn, Göttlesbrunn-Arbesthal"
48.0645,16.73774,false,"Kellergasse, Göttlesbrunn, Göttlesbrunn-Arbesthal"
48.05775,16.74091,false,"Kiragstettn (Lehmgstettn), Göttlesbrunn, Göttlesbrunn-Arbesthal"
48.05835,16.73518,false,"Kräftenweg, Göttlesbrunn, Göttlesbrunn-Arbesthal"
48.25009,15.42006,false,", Gerolding, Dunkelsteinerwald (Gemeinde)"
48.45837,15.79053,false,"Kellergasse Feuersbrunn, Feuersbrunn, Grafenwörth"
48.42955,15.81474,false,"""Vorderwugger"", Wagram am Wagram, Grafenwörth"
48.42903,15.80834,false,"Wora-Kellergasse, Wagram am Wagram, Grafenwörth"
48.36321,16.49596,false,"Kellergasse, Eibesbrunn, Großebersdorf"
48.36149,16.49662,false,"Weinberggasse, Eibesbrunn, Großebersdorf"
48.36914,16.47209,false,"Am Gänsberg, Großebersdorf, Großebersdorf"
48.3637,16.47004,false,"Kellergasse, Großebersdorf, Großebersdorf"
48.36338,16.46474,false,"Schulgasse, Bgm.-Josef-Strobl-Gasse, Großebersdorf, Großebersdorf"
48.385,16.43198,false,"Mittelstraße, Manhartsbrunn, Großebersdorf"
48.3864,16.43799,false,"Zum Alten Hof, Manhartsbrunn, Großebersdorf"
48.3685,16.45457,false,"Landstraße (Schulgasse), Putzing, Großebersdorf"
48.36692,16.45321,false,"Verlängerung der Hauptstraße, Putzing, Großebersdorf"
48.36977,16.44624,false,"Hoadweg, Putzing, Großebersdorf"
48.36194,16.56337,false,"Kellergasse, Stallberg, Großengersdorf, Großengersdorf"
48.35939,16.57328,false,"Satzgraben, Großengersdorf, Großengersdorf"
48.63672,16.74527,false,"Kapellenberg, Althöflein, Großkrut"
48.61631,16.72081,false,"Satzen I, Ginzersdorf, Großkrut"
48.61681,16.71655,false,"Satzen II, Ginzersdorf, Großkrut"
48.6498,16.71395,false,"Kellerberg, Großkrut, Großkrut"
48.64965,16.73345,false,"Lundenburgerstraße, Großkrut, Althöflein, Großkrut"
48.64749,16.72953,false,", Großkrut, Großkrut"
48.2948,16.5604,false,"Kellergasse Am Wagram, Deutsch-Wagram, Deutsch-Wagram"
48.79588,15.37014,false,"Kellergasse, Dietmanns, Dietmanns"
48.63652,15.988868,false,"Kellergasse Großnondorf, Kellertrift, Großnondorf, Guntersdorf"
48.63271,15.98275,false,"Kellergasse Richtung Mittergrabern, Kleine Kellergasse, Großnondorf, Guntersdorf"
48.65008,16.05286,false,"Kellergasse Guntersdorf, ""Josefstadt"", Guntersdorf, Guntersdorf"
48.6463,16.05091,false,", Guntersdorf, Guntersdorf"
48.59026,16.19604,false,"Kellergasse Altenmarkt im Thale / Latschenberg, Altenmarkt im Thale, Hollabrunn"
48.58538,16.097101,false,"Kellergasse Aspersdorf / Kirchberg, Aspersdorf, Hollabrunn"
48.509117,16.070075,false,"Goldgrübl Kellergasse, Breitenwaida, Hollabrunn"
48.51495,16.06362,false,"Kellergasse bei Kirche, Breitenwaida, Hollabrunn"
48.51441,16.06439,false,"Kellergasse Richtung Friedhof, Breitenwaida, Hollabrunn"
48.50778,16.0569,false,"Kellergasse Kleedorf, Breitenwaida, Hollabrunn"
48.52693,16.0573,false,"Kleine Kellergasse / Kellerweg, Dietersdorf, Hollabrunn"
48.52836,16.054587,false,"(Große) Kellergasse, Dietersdorf, Hollabrunn"
48.572012,16.170865,false,"Kellergasse Eggendorf im Thale, Eggendorf im Thale, Hollabrunn"
48.58906,16.24102,false,"Kellergasse Enzersdorf im Thale / Kapellenweg, Enzersdorf im Thale, Hollabrunn"
48.57556,15.994594,false,"Kellergasse Groß / Friedhofgasse, Groß, Hollabrunn"
48.570491,15.990658,false,"Kleine Kellergasse / Fellabrunner Straße, Groß, Hollabrunn"
48.562515,16.054517,false,"Sitzendorfer Kellergasse, Hollabrunn, Hollabrunn"
48.570312,16.068794,false,"Gerichtsbergkellergasse und -platzl, Hollabrunn, Hollabrunn"
48.571059,16.062777,false,"Satzer Kellergasse, Hollabrunn, Hollabrunn"
48.593672,16.239183,false,"Kellergasse Kleinkadolz, Kleinkadolz, Hollabrunn"
48.573067,15.979717,false,"Heckenweg Kellergasse, Kleinstelzendorf, Hollabrunn"
48.573414,15.978184,false,"Leitenweg Kellergasse, Kleinstelzendorf, Hollabrunn"
48.572305,15.981659,false,"Weidenweg Kellergasse, Kleinstelzendorf, Hollabrunn"
48.567924,15.974556,false,"Kirchweg Kellergasse, Kleinstelzendorf, Hollabrunn"
48.575106,16.149652,false,"Kellergasse Kleinstetteldorf, Kleinstetteldorf, Hollabrunn"
48.557876,16.117656,false,"Kellergasse Magersdorf, Magersdorf, Hollabrunn"
48.561775,16.01954,false,"Oaraberg Kellergasse, Oberfellabrunn, Hollabrunn"
48.5647,16.0176,false,Keller
48.56342,16.01951,false,Keller
48.56427,16.02139,false,Keller
48.55745,16.01026,false,"Steingraben / Urbanuskellergasse, Oberfellabrunn, Hollabrunn"
48.56029,16.02184,false,"In den Köcheln, Oberfellabrunn, Hollabrunn"
48.501735,16.044737,false,"Kellergasse Puch / Kleedorfer Straße, Puch, Hollabrunn"
48.54265,16.09004,false,"Kellergasse Raschala / Alte Poststraße / ""Pinkelsteinkellergasse"", Raschala, Hollabrunn"
48.54403,16.08758,false,"Kellergasse Raschala, Raschala, Hollabrunn"
48.547645,16.057718,false,"Mühlbergkellergasse, Sonnberg, Hollabrunn"
48.542883,16.054869,false,"Kellergasse Sandgraben, Sonnberg, Hollabrunn"
48.536667,16.048906,false,"Kellerensemble Richtung Thernerberg, Sonnberg, Hollabrunn"
48.5393,16.05334,false,"Kellergasse Satzingerkreuz / Hintaus Richtung Wolfsbrunn, Sonnberg, Hollabrunn"
48.58005,16.05875,false,"Kellergasse Suttenbrunn, Suttenbrunn, Hollabrunn"
48.58465,16.07024,false,"An der Bundesstraße, Suttenbrunn, Hollabrunn"
48.56743,16.18949,false,"Kellergasse Weyerburg / Beim Schloss, Weyerburg, Hollabrunn"
48.57613,16.1239,false,"Kellergasse Wieselsfeld, Wieselsfeld, Hollabrunn"
48.57268,16.11159,false,"Mariathaler Kellergasse / Reisberg, Wieselsfeld, Hollabrunn"
48.54283,16.02943,false,"Nordwestlicher Hohlweg, Wolfsbrunn, Hollabrunn"
48.541093,16.0274612,false,"Zwei Keller, Wolfsbrunn, Hollabrunn"
48.39849,16.06118,false,"Hauptstraße, Gaisruck, Hausleiten"
48.400921,16.054732,false,"Zum Himmelreich, Gaisruck, Pettendorf, Hausleiten"
48.40521,16.05381,false,Keller
48.39496,16.11748,false,"Keller am Brunnberg, Goldgeben, Hausleiten"
48.3981,16.10521,false,"Kellergasse in der Lehrn (Lehrngasse), Hausleiten, Hausleiten"
48.3979,16.09412,false,"Kirchengasse / Schulgasse, Hausleiten, Hausleiten"
48.406551,16.0611,false,"Kellergasse Pettendorf (Hauptstraße und Hintaus), Pettendorf, Hausleiten"
48.40918,16.09274,false,"Schloßstraße, Seitzersdorf-Wolfpassing, Hausleiten"
48.40903,16.09662,false,"Parallel zur Bäckerstraße, Seitzersdorf-Wolfpassing, Hausleiten"
48.41285,16.09679,false,"Kasinostraße, Seitzersdorf-Wolfpassing, Hausleiten"
48.40292,16.14077,false,"Nördlich des Ortszentrums, Zissersdorf, Hausleiten"
48.39969,16.13694,false,"Richtung Hausleiten ""Zur Leiten"", Zissersdorf, Hausleiten"
48.6793,16.18742,false,"""Kadolzerstraße"", Mailberg, Mailberg"
48.672237,16.187134,false,"Hundsschupfen/Zipf, Mailberg, Mailberg"
48.672213,16.174266,false,"Marktweg, Mailberg, Mailberg"
48.67484,16.172067,false,"Rosenpoint, Mailberg, Mailberg"
48.7131,16.0661,false,"Auggenthaler Kellertrift, Auggenthal, Haugsdorf"
48.69994,16.0642,false,"Kellerbergen, Auggenthal, Haugsdorf"
48.74449,16.06135,false,"Kellergasse Kleinhaugsdorf, Auggenthal, Haugsdorf"
48.71673,16.07674,false,"Große Kellertrift, Haugsdorf, Haugsdorf"
48.71575,16.0748,false,"Kleine Kellertrift, Haugsdorf, Haugsdorf"
48.70533,16.06993,false,"Am Sandberg/Ziegelofengasse, Haugsdorf, Haugsdorf"
48.71301,16.05303,false,"Kellergasse Jetzelsdorf (Kellertrift), Jetzelsdorf, Haugsdorf"
48.71197,16.05894,false,"Kleine Kellergasse Jetzelsdorf, Jetzelsdorf, Haugsdorf"
48.718469,16.128518,false,"Kellergasse, Hadres, Hadres"
48.71523,16.11294,false,"Kellertrift, Untermarkersdorf, Hadres"
48.71223,16.11172,false,"Grillentrift, Untermarkersdorf, Hadres"
48.685948,16.154553,false,Kellergasse im Waidthal
48.685799,16.157192,false,Kellergasse im Querweg
48.68481,16.1681,false,"Kellergasse Obritz, Obritz, Hadres"
48.89319,15.43158,false,"Kellergasse, Thuma, Karlstein an der Thaya"
48.66398,15.65093,false,"Kellergruppe Frauenhofner Straße, Horn, Horn (Niederösterreich)"
48.69095,15.64114,false,"Feldweg Richtung Westen, Mödring, Horn (Niederösterreich)"
48.68838,15.6455,false,"An der Straße Richtung Horn, Mödring, Horn (Niederösterreich)"
48.7774,15.91168,false,Kellergasse
48.79739,15.89464,false,"Kellerweg, Niederfladnitz, Hardegg (Niederösterreich)"
48.79574,15.89267,false,"Riegersburger Straße, Niederfladnitz, Hardegg (Niederösterreich)"
48.81117,15.84681,false,"Richtung Roggenbauerkreuz, Pleißing, Hardegg (Niederösterreich)"
48.51136,15.94252,false,"Beim Sportplatz, Glaubendorf, Heldenberg"
48.50902,15.93618,false,"Gaisberggraben, Glaubendorf, Heldenberg"
48.50861,15.93498,false,"Polstergraben, Glaubendorf, Heldenberg"
48.508,15.9361,false,"Zwischengraben, Glaubendorf, Heldenberg"
48.50756,15.93672,false,"Holzgraben, Glaubendorf, Heldenberg"
48.50162,15.96621,false,"Kellergasse, Großwetzdorf, Heldenberg"
48.50086,15.96028,false,"Südliches Hintaus, Großwetzdorf, Heldenberg"
48.50548,15.96861,false,"Haselgraben, Großwetzdorf, Heldenberg"
48.49641,15.95147,false,"Kellergasse, Kleinwetzdorf, Heldenberg"
48.5079,15.99367,false,"Windberg, Unterthern, Heldenberg"
48.51501,16.00014,false,"Im Entental, Oberthern, Heldenberg"
48.51122,15.8552,false,"Himmelgraben, Ebersbrunn, Hohenwarth-Mühlbach am Manhartsberg"
48.5167,15.85942,false,"Richtung Pfaffstetten, Ebersbrunn, Hohenwarth-Mühlbach am Manhartsberg"
48.50795,15.82937,false,"Bei der Kirche, Hohenwarth, Hohenwarth-Mühlbach am Manhartsberg"
48.50519,15.82821,false,"Kellergasse, Hohenwarth, Hohenwarth-Mühlbach am Manhartsberg"
48.50469,15.82394,false,"Kremser Straße, Hohenwarth, Hohenwarth-Mühlbach am Manhartsberg"
48.4999,15.83386,false,"Rennweg, Hohenwarth, Hohenwarth-Mühlbach am Manhartsberg"
48.50007,15.83869,false,", Hohenwarth, Hohenwarth-Mühlbach am Manhartsberg"
48.51682,15.78841,false,", Mühlbach am Manhartsberg, Hohenwarth-Mühlbach am Manhartsberg"
48.52252,15.78685,false,", Mühlbach am Manhartsberg, Hohenwarth-Mühlbach am Manhartsberg"
48.52532,15.75266,false,", Olbersdorf, Hohenwarth-Mühlbach am Manhartsberg"
48.53199,15.79598,false,", Zemling, Hohenwarth-Mühlbach am Manhartsberg"
48.52931,15.78229,false,"Olbersdorfer Straße, Zemling, Hohenwarth-Mühlbach am Manhartsberg"
48.42056,15.55894,false,"Friedhofstraße, Egelsee, Krems an der Donau"
48.41877,15.55847,false,"Sandlstraße, Egelsee, Krems an der Donau"
48.42041,15.56183,false,"Ziegelofengasse, Egelsee, Krems an der Donau"
48.37969,15.68423,false,"Obere Hollenburger Hauptstraße, Hollenburg, Krems an der Donau"
48.37599,15.70226,false,"Untere Hollenburger Hauptstraße, Hollenburg, Krems an der Donau"
48.37719,15.69876,false,"Wetterkreuzstraße, Hollenburg, Krems an der Donau"
48.42048,15.61715,false,"Bründlgraben, Krems an der Donau, Krems an der Donau"
48.42313,15.62333,false,"Frechau, Sandgrube, Krems an der Donau, Krems an der Donau"
48.42703,15.63678,false,"Gebling, Krems an der Donau, Krems an der Donau"
48.42187,15.60977,false,"Holzgasse, Stratzinger Straße, Krems an der Donau, Krems an der Donau"
48.42427,15.61618,false,"Langenloiser Straße, Krems an der Donau, Krems an der Donau"
48.43762,15.6065,false,"Limbergstraße, Stratzingerstraße, Krems an der Donau, Krems an der Donau"
48.41943,15.61556,false,"Obere Weinzierlbergstraße, Krems an der Donau, Krems an der Donau"
48.42405,15.62864,false,"Talland / In der Leithen, Krems an der Donau, Krems an der Donau"
48.43567,15.62916,false,"Wolfsgraben, Krems an der Donau, Krems an der Donau"
48.43427,15.58932,false,"Rehberger Kellergasse, Rehberg, Krems an der Donau"
48.38332,15.6458,false,"Fuchsleitenweg, Thallern, Krems an der Donau"
48.38074,15.64134,false,"Schweren-Zapfen-Weg, Thallern, Krems an der Donau"
48.4495,15.71111,false,"Sachsenberg, Hadersdorf am Kamp, Hadersdorf-Kammern"
48.4795,15.71431,false,"Grub, Kammern (Gemeinde Hadersdorf-Kammern), Hadersdorf-Kammern"
48.4725,15.72075,false,"Kellergasse Kammern, Kammern (Gemeinde Hadersdorf-Kammern), Hadersdorf-Kammern"
48.47402,15.59142,false,"Annagasse, Lengenfeld, Lengenfeld"
48.47267,15.59833,false,"Dornergasse, Lengenfeld, Lengenfeld"
48.47447,15.60274,false,"Johannesgasse u. Kellerweg, Lengenfeld, Lengenfeld"
48.47272,15.60531,false,"Langenloiser Straße, Lengenfeld, Lengenfeld"
48.47426,15.60775,false,"Mühlfeldgasse, Lengenfeld, Lengenfeld"
48.45729,15.69914,false,"Kellergasse, Gobelsburg, Langenlois"
48.45366,15.70495,false,"Kellerweg Zeiselberg, Gobelsburg, Langenlois"
48.45477,15.70012,false,"Gobelsberg, Gobelsburg, Langenlois"
48.49152,15.68315,false,"Eichelberg, Haindorf, Langenlois"
48.4868,15.68756,false,"Im Grübl, Haindorf, Langenlois"
48.46662,15.68846,false,"Spiegelgraben, Haindorf, Langenlois"
48.48293,15.68418,false,"Vogerlweg u. Haselgraben, Haindorf, Langenlois"
48.47045,15.67699,false,"Dimmelgraben u. Oberer Spiegelgraben, Langenlois, Langenlois"
48.47013,15.66336,false,"Großer u. Kleiner Buriweg, Weinberggasse, Langenlois, Langenlois"
48.47599,15.65019,false,"Kühsteingraben, Langenlois, Langenlois"
48.47848,15.66949,false,"Käferbergstraße u. Schilterner Straße, Langenlois, Langenlois"
48.47555,15.65661,false,"Lissgraben, Langenlois, Langenlois"
48.46957,15.68075,false,"Mittlerer Spiegelgraben, Langenlois, Langenlois"
48.47461,15.65837,false,"Presslgraben, Langenlois, Langenlois"
48.46838,15.66843,false,"Sauberg, Langenlois, Langenlois"
48.49563,15.67375,false,"Seeberg, Langenlois, Langenlois"
48.4734,15.66017,false,"Weraingraben u. Weichselgraben, Langenlois, Langenlois"
48.4936,15.61106,false,"Kellergasse, Mittelberg, Langenlois"
48.51451,15.62233,false,"Schneidergraben, Schiltern, Langenlois"
48.51277,15.62549,false,"Kellergasse, Schiltern, Langenlois"
48.49258,15.69107,false,"Am Wechselberg, Zöbing, Langenlois"
48.49288,15.70055,false,"Am Heiligenstein, Zöbing, Langenlois"
48.49579,15.70288,false,"Lauser Kellergasse, Zöbing, Langenlois"
48.49297,15.69176,false,"Schönbergstraße, Zöbing, Langenlois"
48.32692,15.69218,false,"Kellerweg, Getzersdorf, Inzersdorf-Getzersdorf"
48.31554,15.67477,false,"Kellergasse, Inzersdorf ob der Traisen, Anzenberg, Inzersdorf-Getzersdorf"
48.32037,15.67692,false,"Hintaus, Inzersdorf ob der Traisen, Inzersdorf-Getzersdorf"
48.31007,15.67559,false,"Jakobsweg, Walpersdorf, Inzersdorf-Getzersdorf"
48.27014,15.78255,false,", Killing, Kapelln"
48.26829,15.75106,false,"Kellerstraße, Etzersdorf, Kapelln"
48.27531,15.75086,false,"Flinsberg/Weingartfeld, Etzersdorf, Kapelln"
48.23122,15.77929,false,", Pönning, Kapelln"
48.29979,15.81671,false,", Adletzberg, Herzogenburg"
48.2977,15.81647,false,", Adletzberg, Herzogenburg"
48.30215,15.73391,false,"Hühnerbühel, Angern, Herzogenburg"
48.30234,15.72934,false,"Waldstraße, Angern, Herzogenburg"
48.29559,15.66632,false,"Satzendorfer Straße, Ederding, Herzogenburg"
48.31171,15.7307,false,"Reitenkeller, Einöd, Herzogenburg"
48.31645,15.73016,false,"Bergkeller, Einöd, Herzogenburg"
48.30882,15.73208,false,"Ziegelweg, Einöd, Herzogenburg"
48.29523,15.78057,false,", Gutenbrunn, Herzogenburg"
48.29321,15.68886,false,"Kremser Straße, Herzogenburg, Herzogenburg"
48.29136,15.68437,false,"Neuberg, Herzogenburg, Herzogenburg"
48.29019,15.68407,false,"Krenntal, Herzogenburg, Herzogenburg"
48.28286,15.68359,false,"Kellergasse, Herzogenburg, Herzogenburg"
48.29723,15.76861,false,"Oberhameten, Hameten, Herzogenburg"
48.27786,15.68084,false,"Am Hainer Berg, Oberndorf in der Ebene, Herzogenburg"
48.28535,15.72182,false,"Bergkeller, Oberwinden, Herzogenburg"
48.27059,15.71638,false,"Am Berg, Ossarn, Herzogenburg"
48.27551,15.71925,false,", Ossarn, Herzogenburg"
48.29812,15.72869,false,"Lichtwörth, St. Andrä an der Traisen, Herzogenburg"
48.29983,15.73545,false,"Wiege, St. Andrä an der Traisen, Herzogenburg"
48.28727,15.72445,false,"Mitterfeld, Unterwinden, Herzogenburg"
48.28923,15.725,false,"Katzenbergweg, Unterwinden, Herzogenburg"
48.29781,15.68463,false,", Wielandsthal, Herzogenburg"
48.25358,15.60417,false,"Weingarten, Untermamau, Karlstetten"
48.250595,15.613519,false,"Mamauer Kellergasse, Untermamau, Karlstetten"
48.258175,15.617581,false,"Schaubinger Kellern, Schaubing, Karlstetten"
48.09339,16.60264,false,"Kellerzeile, Kleinneusiedl, Klein-Neusiedl"
48.06118,16.78913,false,"Beim Satzlweg, Höflein, Höflein (Niederösterreich)"
48.06425,16.79215,false,"Gugl, Brucker Straße, Höflein, Höflein (Niederösterreich)"
48.06933,16.78064,false,"Hintaus (Weinbergweg), Höflein, Höflein (Niederösterreich)"
48.06363,16.78299,false,"Hoher Weg, Höflein, Höflein (Niederösterreich)"
48.06332,16.79508,false,"Hutweide (Untere Kellergasse), Höflein, Höflein (Niederösterreich)"
48.06728,16.78233,false,"Spillern, Höflein, Höflein (Niederösterreich)"
48.19397,15.45549,false,"Berggasse Großsierning, Großsierning, Haunoldstein"
48.19842,15.45313,false,"Kirchenstraße Haunoldstein, Haunoldstein, Haunoldstein"
48.47628,15.86682,false,"Mühlgraben, Großriedenthal, Großriedenthal"
48.48428,15.85829,false,"Reithergraben, Großriedenthal, Großriedenthal"
48.47975,15.86088,false,"Wolfsgrube, Großriedenthal, Großriedenthal"
48.48872,15.87869,false,"Laimgrube, Neudegg (Gemeinde Großriedenthal), Großriedenthal"
48.48901,15.88291,false,"Hintaus, Neudegg (Gemeinde Großriedenthal), Großriedenthal"
48.49316,15.88367,false,", Neudegg (Gemeinde Großriedenthal), Großriedenthal"
48.4654,15.90538,false,"beim Friedhof, Ottenthal (Gemeinde Großriedenthal), Großriedenthal"
48.47241,15.89665,false,"Marienberg, Ottenthal (Gemeinde Großriedenthal), Großriedenthal"
48.46484,15.90018,false,"Hintaus, Ottenthal (Gemeinde Großriedenthal), Großriedenthal"
48.27914,16.03794,false,", Baumgarten am Tullnerfeld, Judenau-Baumgarten"
48.28243,16.0035,false,"Mühlgraben, Judenau, Judenau-Baumgarten"
48.4802,15.95415,false,"Ruppersthaler Straße, Baumgarten am Wagram, Großweikersdorf"
48.48396,15.95396,false,", Baumgarten am Wagram, Großweikersdorf"
48.46641,15.97528,false,"Kreuzbergstraße, Großweikersdorf, Großweikersdorf"
48.46497,15.97591,false,"Waasen, Großweikersdorf, Großweikersdorf"
48.47066,15.98877,false,"Höllgraben/Oberrußbacherstraße, Großweikersdorf, Großweikersdorf"
48.44496,15.9865,false,"Bahnhofstraße, Großwiesendorf, Großweikersdorf"
48.45104,15.99303,false,"Hauptstraße, Kleinwiesendorf, Großweikersdorf"
48.45252,15.99343,false,Keller
48.44928,15.99434,false,Keller
48.4487,15.994,false,Keller
48.46828,15.94582,false,"Baumgartner Straße, Ruppersthal, Großweikersdorf"
48.46818,15.94824,false,"Nördlicher Kirchenhohlweg, Ruppersthal, Großweikersdorf"
48.46695,15.94702,false,"Südlicher Kirchenhohlweg, Ruppersthal, Großweikersdorf"
48.47147,15.94086,false,"Reifel, Ruppersthal, Großweikersdorf"
48.46724,15.94204,false,"Schmiedgasse, Ruppersthal, Großweikersdorf"
48.46166,15.94775,false,"Königsbrunner Straße, Ruppersthal, Großweikersdorf"
48.43977,16.00259,false,", Tiefenthal, Großweikersdorf"
48.29884,16.14617,false,"Kogelgasse, Königstetten, Königstetten"
48.42424,15.9653,false,"Kellergasse Hippersdorf, Hippersdorf, Königsbrunn am Wagram"
48.42139,15.94381,false,"Kellergasse Bromberg, Königsbrunn am Wagram, Königsbrunn am Wagram, Königsbrunn am Wagram"
48.41695,15.9496,false,"Wagramstraße, Königsbrunn am Wagram, Königsbrunn am Wagram"
48.43049,15.90519,false,"Wagramkante / Alte Weinstraße, Engelmannsbrunn, Kirchberg am Wagram, Mitterstockstall, Unterstockstall, Kirchberg am Wagram"
48.4364,15.87673,false,Gebäudereihe Wagramkante
48.4382,15.88945,false,Gebäudereihe Wagramkante
48.43219,15.89916,false,Gebäudereihe Wagramkante
48.43157,15.9019,false,Gebäudereihe Wagramkante
48.42636,15.9204,false,Gebäudereihe Wagramkante
48.44381,15.87259,false,"Bei der Landesstraße 2014, Engelmannsbrunn, Kirchberg am Wagram"
48.4447,15.87447,false,"Haltergraben, Engelmannsbrunn, Kirchberg am Wagram"
48.43962,15.87166,false,"Hintaus, Engelmannsbrunn, Kirchberg am Wagram"
48.45103,15.86642,false,"In der Satz, Engelmannsbrunn, Kirchberg am Wagram"
48.43223,15.90932,false,"Mühlweg, Mitterstockstall, Kirchberg am Wagram"
48.43752,15.91546,false,"Schlossgraben, Mitterstockstall, Kirchberg am Wagram"
48.43439,15.91976,false,"Zeiselgraben, Mitterstockstall, Kirchberg am Wagram"
48.44373,15.90428,false,"Mayergraben, Oberstockstall, Kirchberg am Wagram"
48.42653,15.9266,false,"Kellergasse / Mitterberg, Unterstockstall, Kirchberg am Wagram"
48.42455,15.92628,false,Gebäudereihe Wagramkante
48.42888,16.21181,false,", Hatzenbach, Leitzersdorf"
48.41771,16.24592,false,"Kellergrund, Leitzersdorf, Leitzersdorf"
48.42093,16.25842,false,"Hanftal, Leitzersdorf, Leitzersdorf"
48.43111,16.26945,false,", Wollmannsberg, Leitzersdorf"
48.42764,16.26242,false,"Untern Weyer, Wollmannsberg, Leitzersdorf"
48.30775,16.36409,false,"Kellergasse, Langenzersdorf, Langenzersdorf"
48.47911,16.20582,false,", Geitzendorf, Großmugl"
48.49878,16.234,false,"Ernstbrunner Straße, Großmugl, Großmugl"
48.49298,16.23385,false,"In der Au, Großmugl, Großmugl"
48.49485,16.23725,false,"Kellergasse, Großmugl, Großmugl"
48.52299,16.24844,false,"Am Trümmern / Kellergasse, Herzogbirbaum, Großmugl"
48.52028,16.25269,false,"östliches Hintaus, Herzogbirbaum, Großmugl"
48.5146,16.24872,false,"südwestliches Hintaus / In Letteln, Herzogbirbaum, Großmugl"
48.51826,16.24551,false,"In Weidnen, Herzogbirbaum, Großmugl"
48.50398,16.25735,false,"Hintaus, Ottendorf, Großmugl"
48.50647,16.25705,false,", Ottendorf, Großmugl"
48.49798,16.19734,false,", Ringendorf, Großmugl"
48.47476,16.24093,false,", Roseldorf, Großmugl"
48.50993,16.21418,false,", Steinabrunn, Großmugl"
48.34746,16.38779,false,"Viehtrift / Hiataberg, Flandorf, Hagenbrunn"
48.32992,16.40589,false,", Hagenbrunn, Hagenbrunn"
48.38109,16.328341,false,"Güterweg Saubergen, Leobendorf, Leobendorf"
48.37926,16.32211,false,"Bründlgasse, Leobendorf, Leobendorf"
48.3789,16.31937,false,"Rohrbacher Straße, Leobendorf, Leobendorf"
48.39544,16.29821,false,"Kellerweg, Oberrohrbach, Leobendorf"
48.403208,16.301911,false,"Waldstraße, Oberrohrbach, Leobendorf"
48.38373,16.35766,false,"Am Hohlweg, Tresdorf, Leobendorf"
48.3819,16.35351,false,"Leobendorfer Straße, Tresdorf, Leobendorf"
48.38426,16.34712,false,"Obere Trift, Tresdorf, Leobendorf"
48.38685,16.35867,false,"Untere Trift, Tresdorf, Leobendorf"
48.38719,16.2821,false,"Kellergasse, Unterrohrbach, Leobendorf"
48.37697,16.321417,false,"Stockerauerstraße, Leobendorf, Leobendorf"
48.22125,15.49157,false,"Kellergasse, Hafnerbach, Hafnerbach"
48.47257,16.41113,false,"Flurstraße, Großrußbach, Großrußbach"
48.47123,16.41389,false,"Augraben / Heideweg / Sulzweg, Großrußbach, Großrußbach"
48.47676,16.41627,false,", Großrußbach, Großrußbach"
48.50072,16.41519,false,"Bei der Kirche, Hipples, Großrußbach"
48.50279,16.40906,false,"Hintaus, Hipples, Großrußbach"
48.50346,16.40518,false,", Hipples, Großrußbach"
48.46131,16.3713,false,"Kellergasse, Karnabrunn, Großrußbach"
48.46401,16.3774,false,"Laaer Straße, Karnabrunn, Großrußbach"
48.49335,16.39366,false,"Beim Hausberg, Kleinebersdorf, Großrußbach"
48.4965,16.39057,false,"Kellergasse, nördlicher Teil, Kleinebersdorf, Großrußbach"
48.49409,16.38949,false,"Kellergasse, südlicher Teil, Kleinebersdorf, Großrußbach"
48.45796,16.39783,false,"Hauptstraße (Kellerberg), Weinsteig, Großrußbach"
48.47496,16.3808,false,"An der Bundesstraße, bei der ÖBB, Wetzleinsdorf, Großrußbach"
48.47646,16.38251,false,"Brunnenweg, Wetzleinsdorf, Großrußbach"
48.47999,16.38201,false,"Mühlberg, Wetzleinsdorf, Großrußbach"
48.48021,16.37254,false,"Mühlenweg, Wetzleinsdorf, Großrußbach"
48.44236,16.39885,false,"Kellergasse (Schloßberg, Kramergasse), Hetzmannsdorf, Harmannsdorf"
48.44227,16.40203,false,", Hetzmannsdorf, Harmannsdorf"
48.39929,16.40544,false,"Kellergasse, Kleinrötz, Harmannsdorf"
48.3988,16.40841,false,"Am Hohlweg, Kleinrötz, Harmannsdorf"
48.43383,16.35891,false,"Trift, Obergänserndorf, Harmannsdorf"
48.43112,16.36943,false,"Hoftenngasse, Obergänserndorf, Harmannsdorf"
48.42705,16.36711,false,"Hohlgasse, Obergänserndorf, Harmannsdorf"
48.42528,16.37527,false,"Kellergasse, Obergänserndorf, Harmannsdorf"
48.42953,16.36794,false,"Plattenweg, Obergänserndorf, Harmannsdorf"
48.43464,16.37077,false,"Schwemmgasse, Obergänserndorf, Harmannsdorf"
48.43286,16.36471,false,"Seitweg, Obergänserndorf, Harmannsdorf"
48.39748,16.3704,false,"Kellergasse (inkl. Ziegeleigasse, Fasangarten, Kogelgasse), Rückersdorf, Harmannsdorf"
48.39073,16.36713,false,"Laaer Straße, Rückersdorf, Harmannsdorf"
48.39471,16.36373,false,", Rückersdorf, Harmannsdorf"
48.39026,16.3645,false,", Rückersdorf, Harmannsdorf"
48.40334,16.37263,false,", Rückersdorf, Harmannsdorf"
48.37367,16.39097,false,"Kellergasse, Seebarn, Harmannsdorf"
48.42895,16.42491,false,"Kellergasse, Am Schubertbrunnen, Würnitz, Harmannsdorf"
48.70195,16.69177,false,"Hödlgasse, Herrnbaumgarten, Herrnbaumgarten"
48.69845,16.68688,false,"Kellergasse, Herrnbaumgarten, Herrnbaumgarten"
48.69854,16.68321,false,"Langer Berg, Herrnbaumgarten, Herrnbaumgarten"
48.69775,16.67513,false,"Steinweg, Herrnbaumgarten, Herrnbaumgarten"
48.69574,16.67587,false,"Tiefer Graben (Schindergasse), Herrnbaumgarten, Herrnbaumgarten"
48.66598,16.22353,false,"Keglerberg, Diepolz, Großharras"
48.66558,16.24505,false,"Zwingendorfer Straße, Großharras, Großharras"
48.66479,16.24274,false,"Kellergasse, Großharras, Großharras"
48.65864,16.24505,false,"Teichkellern, Großharras, Großharras"
48.66327,16.24212,false,"Zeughausgasse, Großharras, Großharras"
48.66199,16.24838,false,", Großharras, Großharras"
48.73103,16.23557,false,"Schatz, Zwingendorf, Großharras"
48.70278,16.36235,false,", Hanfthal, Laa an der Thaya"
48.70376,16.3628,false,"Hintaus, Hanfthal, Laa an der Thaya"
48.69926,16.36106,false,"Hintere Zeile, Hanfthal, Laa an der Thaya"
48.7025,16.45803,false,", Kottingneusiedl, Laa an der Thaya"
48.72285,16.40823,false,"Kellerweg, Laa an der Thaya, Laa an der Thaya"
48.67423,16.40965,false,"Fallbacher Straße, Ungerndorf, Laa an der Thaya"
48.73628,16.28566,false,"Schatz, Pernhofen, Laa an der Thaya"
48.53753,16.45576,false,"Am Mühlberg, Eggersdorf, Ladendorf"
48.53554,16.45718,false,"hinterm Dorf, Eggersdorf, Ladendorf"
48.54755,16.46618,false,"Kellergasse, Garmanns, Ladendorf"
48.55352,16.44383,false,"Kellergasse, Grafensulz, Ladendorf"
48.55199,16.44827,false,"nächst Grafensulz 70, Grafensulz, Ladendorf"
48.5259,16.44422,false,"Hühnerberg / Bei der Kirche, Herrnleis, Ladendorf"
48.52626,16.44645,false,"Kellergasse, Herrnleis, Ladendorf"
48.53178,16.49337,false,"Kellerplatzl / Leopoldstadt, Wiener Weg, Ladendorf, Ladendorf"
48.53551,16.48413,false,"Sätzeln I / Am Berg, Ladendorf, Ladendorf"
48.53411,16.47763,false,"Sätzeln II / Eggersdorfer Weg, Ladendorf, Ladendorf"
48.53127,16.48025,false,"Kellerschipfl / Obere Kellergasse, Ladendorf, Ladendorf"
48.53735,16.49373,false,"Kirchbergen / Untere Kellergasse, Ladendorf, Ladendorf"
48.53087,16.48466,false,"Feldgasse, Ladendorf, Ladendorf"
48.49716,16.51714,false,"Kellerplatz / Kellergasse, Waldelweg, Neubau, Ladendorf"
48.50375,16.51779,false,"Ladendorfer Straße, Neubau, Ladendorf"
48.503,16.52239,false,"Stockartfeld / Paasdorfer Straße, Neubau, Ladendorf"
48.52913,16.42484,false,"Bei der Kirche, Pürstendorf, Ladendorf"
48.47894,16.47521,false,"Berggasse / Lindengasse, Niederkreuzstetten, Kreuzstetten"
48.48157,16.47588,false,"Brunnengasse / Am Teichfeld, Niederkreuzstetten, Kreuzstetten"
48.47856,16.46886,false,"Lüßweg, Niederkreuzstetten, Kreuzstetten"
48.4756,16.47602,false,"Wiener Straße, Niederkreuzstetten, Kreuzstetten"
48.48632,16.4535,false,"Burleiten, Oberkreuzstetten, Kreuzstetten"
48.48276,16.4482,false,"Hochreithgasse, Oberkreuzstetten, Kreuzstetten"
48.47931,16.45136,false,", Oberkreuzstetten, Kreuzstetten"
48.48983,16.44741,false,"Schottenfeld, Oberkreuzstetten, Kreuzstetten"
48.48493,16.50396,false,"Kellergasse, Streifing, Kreuzstetten"
48.48285,16.50284,false,"Kreuzstettner Weg, Streifing, Kreuzstetten"
48.45062,16.49279,false,"Bahnstraße / Kellergasse, Hautzendorf, Kreuttal"
48.45213,16.4906,false,", Hautzendorf, Kreuttal"
48.46634,16.44844,false,"Kellergasse, Hornsburg, Kreuttal"
48.43315,16.48237,false,"Hauptstraße (Kreuttalstraße), Unterolberndorf, Kreuttal"
48.43171,16.47492,false,"Birkenweg (1. Kellergasse), Unterolberndorf, Kreuttal"
48.43032,16.4757,false,"2. Kellergasse, Unterolberndorf, Kreuttal"
48.42874,16.47636,false,"3. Kellergasse (In der Sonnleiten), Unterolberndorf, Kreuttal"
48.43716,16.47756,false,"Kellergasse (In Rosenbergen), Unterolberndorf, Kreuttal"
48.4674,16.52226,false,"Im Oberen Kreuth, Bogenneusiedl, Hochleithen"
48.44073,16.51617,false,"Hintaus, Traunfeld, Hochleithen"
48.4433,16.5148,false,"Kellergasse, Traunfeld, Hochleithen"
48.44271,16.52212,false,"Lindenberg (Lenaberg), Traunfeld, Hochleithen"
48.44918,16.52277,false,"Grasingerweg, Traunfeld, Wolfpassing an der Hochleithen, Hochleithen"
48.45224,16.52855,false,"Obere Kellergasse und Untere Kellergasse (Kellergasse I), Wolfpassing an der Hochleithen, Hochleithen"
48.45334,16.53067,false,"Mühlstraße (Kellergasse II), Wolfpassing an der Hochleithen, Hochleithen"
48.63164,16.82568,false,"Hohlweg, Kellergasse, Edenberg, Hausbrunn, Hausbrunn"
48.63026,16.82979,false,"Kirchberg, Hausbrunn, Hausbrunn"
48.62404,16.83475,false,"Rabensburger Straße, Hausbrunn, Hausbrunn"
48.63001,16.82218,false,"Spanndau, Hausbrunn, Hausbrunn"
48.41761,16.62561,false,"Zeisselthal, Groß-Schweinbarth, Groß-Schweinbarth"
48.41523,16.62884,false,"Am Königsberg, Hochleitengasse, Groß-Schweinbarth, Groß-Schweinbarth"
48.41281,16.63374,false,"Meierhofgasse, Hofkeller, Groß-Schweinbarth, Groß-Schweinbarth"
48.41023,16.63448,false,"Mühlschüttel, Groß-Schweinbarth, Groß-Schweinbarth"
48.6116,16.76025,false,"Kellergasse, Hauskirchen, Hauskirchen"
48.59565,16.71271,false,"Am Ringerberg, Prinzendorf, Hauskirchen"
48.59443,16.73117,false,"Steinberg, Prinzendorf, Hauskirchen"
48.59508,16.7188,false,"Zistersdorfer Straße, Prinzendorf, Hauskirchen"
48.60433,16.71597,false,"Hintaus, Rannersdorf an der Zaya, Hauskirchen"
48.60495,16.71074,false,"Scheibenbergstraße, Rannersdorf an der Zaya, Hauskirchen"
48.46084,16.6534,false,"Kellergasse, Hohenruppersdorf, Hohenruppersdorf"
48.45903,16.66096,false,"Matzner Straße (Obere Hauptstraße), Hohenruppersdorf, Hohenruppersdorf"
48.46066,16.64758,false,"Wiener Straße, Hohenruppersdorf, Hohenruppersdorf"
48.50279,16.86372,false,"Gießhübel (Am Hoadl), Jedenspeigen, Jedenspeigen"
48.50158,16.87075,false,"Hundsberg (Kellerberg), Jedenspeigen, Jedenspeigen"
48.5117,16.8832,false,"Kellergasse, Sierndorf an der March, Jedenspeigen"
48.61357,16.89519,false,"Kellerberg, Kapellenweg, Adamstal, Hohenau an der March, Hohenau an der March"
47.9425406,16.5736985,false,"Kellergasse, Hof am Leithaberge"
48.54854,15.81563,false,"Kellergasse Baierdorf, Baierdorf, Ravelsbach"
48.54548,15.81733,false,", Baierdorf, Ravelsbach"
48.556,15.8723,false,"Haltergraben / Beim Kreuz, Gaindorf, Ravelsbach"
48.549955,15.869141,false,"Schmidgraben, Gaindorf, Ravelsbach"
48.554163,15.873911,false,"Bahnstraße, Gaindorf, Ravelsbach"
48.5564,15.8632,false,"Veigelberg, Gaindorf, Ravelsbach"
48.55213,15.85788,false,"Fliegentanz, Gaindorf, Ravelsbach"
48.553157,15.896368,false,"Wiesbergkellergasse, Minichhofen, Ravelsbach"
48.559614,15.900135,false,"Sitzendorfer Kellergasse, Minichhofen, Ravelsbach"
48.54963,15.829235,false,"Herrengasse, Kellergasse Oberravelsbach, Oberravelsbach, Ravelsbach"
48.5497,15.82626,false,"Saugasse, Oberravelsbach, Ravelsbach"
48.55112,15.82975,false,", Oberravelsbach, Ravelsbach"
48.5475,15.82705,false,", Oberravelsbach, Ravelsbach"
48.55468,15.8168,false,"Kellergasse Wilhelmsdorf, Oberravelsbach, Ravelsbach"
48.5721,15.8517,false,"Kellergasse Parisdorf, Parisdorf, Ravelsbach"
48.57123,15.85424,false,"Berg, Parisdorf, Ravelsbach"
48.5306,15.8427,false,"Haltergraben, Kellergasse, Pfaffstetten, Ravelsbach"
48.52702,15.84796,false,"Timmelgraben, Wartgasse, Pfaffstetten, Ravelsbach"
48.52731,15.84636,false,", Pfaffstetten, Ravelsbach"
48.52718,15.85013,false,"Ebersbrunner Straße, Pfaffstetten, Ravelsbach"
48.52881,15.85329,false,"Richtung Wiesberg, Pfaffstetten, Ravelsbach"
48.5314,15.85186,false,"Großmeiseldorfer Straße, Pfaffstetten, Ravelsbach"
48.55251,15.85344,false,"Bahnstraße, Ravelsbach, Ravelsbach"
48.5489,15.85445,false,"Kellergasse Ravelsbach (beim Friedhof), Ravelsbach, Ravelsbach"
48.547,15.85471,false,"Kremser Straße, Ravelsbach, Ravelsbach"
48.7007,15.8547,false,"Kellergasse Groß-Reipersdorf, An der Bundesstraße, Groß-Reipersdorf, Pulkau"
48.6994,15.85415,false,"Hintaus, Groß-Reipersdorf, Pulkau"
48.719,15.8603,false,"Kellergasse Leodagger, Lüsse, Leodagger, Pulkau"
48.71641,15.84911,false,"An der Weitersfelder Straße, Pulkau, Pulkau"
48.70244,15.85526,false,"Am Berg, Pulkau, Pulkau"
48.70318,15.87106,false,"Hauptstraße, Pulkau, Pulkau"
48.7095,15.85976,false,"Kirchengasse, Pulkau, Pulkau"
48.70137,15.864309,false,"Kellergasse Landstraße, Pulkau, Pulkau"
48.70574,15.86641,false,"Retzer Weg, Pulkau, Pulkau"
48.70711,15.85201,false,"Rosenweg, Pulkau, Pulkau"
48.69401,15.83515,false,"Kellergasse Richtung Groß-Reipersdorf, Rafing, Pulkau"
48.70254,15.83588,false,"Kellergasse bei der Bründlkapelle, Rafing, Pulkau"
48.6968,15.8256,false,"Kellergasse im Ort, Rafing, Pulkau"
48.69699,15.89952,false,"Dietmannsdorfer Straße, Rohrendorf, Pulkau"
48.69724,15.89642,false,"Parallel zur Dietmannsdorfer Straße, Rohrendorf, Pulkau"
48.6969,15.88784,false,"Südliches Hintaus, Rohrendorf, Pulkau"
48.70034,15.89369,false,"Schmalzberg, Rohrendorf, Pulkau"
48.75742,15.95053,false,Kellermuseum
48.74425,15.93604,false,Schredlkeller
48.77634,15.91118,false,"Kellerviertel Hofern, Hofern, Retz"
48.747031,15.998239,false,"Kellergasse Kleinhöflein, Kleinhöflein, Retz"
48.74716,16.00854,false,"Senkeltrift, Beim Friedhof, Kleinhöflein, Retz"
48.740452,16.020164,false,"Kellergasse Kleinriedenthal, Kleinriedenthal, Retz"
48.74542,16.02331,false,"Nördliches Radial, Kleinriedenthal, Retz"
48.74447,16.02505,false,"Nördliches Hintaus, Kleinriedenthal, Retz"
48.746096,15.926108,false,"Kellergasse Thalen, Obernalb, Retz"
48.75016,15.93964,false,"Kellergasse Dingelacker, Obernalb, Retz"
48.74509,15.93369,false,"Kellergasse Richtung Obermarkersdorf, Obernalb, Retz"
48.74076,15.93574,false,"Schrattenthaler Straße, Obernalb, Retz"
48.74737,15.94736,false,"Urtel Kellergasse, Obernalb, Retz"
48.75895,15.94851,false,"Kellergasse Windmühlgasse, Retz Altstadt, Retz"
48.768249,15.953725,false,"Kirchberggasse, Retz Altstadt, Retz"
48.76863,15.96339,false,"Znaimerstraße - Schußbergmarter, Retz Altstadt, Retz"
48.76474,15.95638,false,"Znaimerstraße - Freudentalmarter, Retz Altstadt, Retz"
48.74611,15.9532,false,"Kellergasse Retzer Straße, Unternalb, Retz"
48.74487,15.95242,false,"Urtel Kellergasse, Unternalb, Retz"
48.74542,15.95521,false,"Hohlweg, Unternalb, Retz"
48.74105,15.95056,false,"Beim Friedhof, Unternalb, Retz"
48.675596,15.835092,false,"Kellergasse Klein-Jetzelsdorf, Klein-Jetzelsdorf, Röschitz"
48.64939,15.884278,false,"Kellergasse Klein-Reinprechtsdorf, Klein-Reinprechtsdorf, Röschitz"
48.64862,15.88832,false,", Klein-Reinprechtsdorf, Röschitz"
48.669903,15.84933,false,"Kellergasse Roggendorf, Roggendorf, Röschitz"
48.666029,15.879022,false,"Marktweg Kellergasse, Röschitz, Röschitz"
48.667605,15.880759,false,"Veltlinergasse, Röschitz, Röschitz"
48.668405,15.878186,false,"Feuerkogel Kellergasse, Röschitz, Röschitz"
48.667166,15.894397,false,"Kellergasse Pulkauer Straße / Lehmgstetten, Röschitz, Röschitz"
48.748643,15.889906,false,"Kellergasse Mühle, Obermarkersdorf, Schrattenthal"
48.754561,15.893631,false,"Kellergasse Rosenau, Obermarkersdorf, Schrattenthal"
48.755968,15.893237,false,"Kellergasse Sandweg, Obermarkersdorf, Schrattenthal"
48.716309,15.909962,false,"Stadtgraben, Schrattenthal, Schrattenthal"
48.708212,15.912672,false,"Kellergasse Hannel-Mühle, Schrattenthal, Schrattenthal"
48.738319,15.871495,false,"Kellergasse Waitzendorf, Waitzendorf, Schrattenthal"
48.75133,16.57848,false,"""Beim Sportplatz"", Ottenthal, Ottenthal"
48.76357,16.57723,false,"""Hintaus nördlicher Teil"", Ottenthal, Ottenthal"
48.75441,16.57714,false,"""Hintaus südlicher Teil"", Ottenthal, Ottenthal"
48.76109,16.57635,false,"""Pottenhofener Straße"", Ottenthal, Ottenthal"
48.08736,16.98273,false,"Kellergasse, Prellenkirchen, Prellenkirchen"
48.19986,15.51489,false,"Weinbergstraße, Prinzersdorf, Prinzersdorf"
48.3875,16.74375,false,"Kellergasse/Ebenthalerstraße (Friedhof), Prottes, Prottes"
48.3934,16.74065,false,"Kleinprottes, Prottes, Prottes"
48.00066,16.52068,false,"Goldbergweg, Reisenberg, Reisenberg"
48.000992,16.526464,false,"Kellergasse/Weinbergweg, Reisenberg, Reisenberg"
48.78133,15.97937,false,"""Hintaus"", Mitterretzbach, Retzbach"
48.78075,15.98414,false,"Gstößen, Mitterretzbach, Retzbach"
48.785599,15.972298,false,"Kaffeegasse (beim Friedhof), Mitterretzbach, Retzbach"
48.78601,15.96819,false,"""Niederfladnitzer Straße"", Oberretzbach, Retzbach"
48.78234,15.97157,false,"Waldstraße, Oberretzbach, Retzbach"
48.76577,15.98927,false,"""Retzer Marter"", Unterretzbach, Retzbach"
48.76881,16.00507,false,"Hiartaweg/Unterer Mühlweg, Unterretzbach, Retzbach"
48.76463,16.00999,false,"Krummer Weg, Unterretzbach, Retzbach"
48.76748,16.01162,false,"Wura, Unterretzbach, Retzbach"
48.55961,16.84676,false,"""Bei der Ziegelei"", Niederabsdorf, Ringelsdorf-Niederabsdorf"
48.56076,16.85044,false,"beim Lagerhaus, Niederabsdorf, Ringelsdorf-Niederabsdorf"
48.56933,16.85289,false,"Alte Meierhofgasse, Niederabsdorf, Ringelsdorf-Niederabsdorf"
48.5657,16.84124,false,"Alte Ried, Niederabsdorf, Ringelsdorf-Niederabsdorf"
48.5631,16.85397,false,"Prater, Niederabsdorf, Ringelsdorf-Niederabsdorf"
48.56116,16.8728,false,"""Beim Meierhof"", Ringelsdorf, Ringelsdorf-Niederabsdorf"
48.07167,16.89069,false,Kellergasse bei Hollern
48.04673,16.83157,false,"""Brucker Straße"", Pachfurth, Rohrau"
48.43167,15.67219,false,Marchgasse
48.43131,15.66317,false,"Lindobelgasse, Oberrohrendorf, Unterrohrendorf, Rohrendorf bei Krems"
48.42351,15.65497,false,"Obere Wienerstraße, Oberrohrendorf, Rohrendorf bei Krems"
48.42759,15.66405,false,"Lenz-Moser-Weg, Unterrohrendorf, Rohrendorf bei Krems"
48.648,15.6977,false,"""Kellerweg"", Mold, Rosenburg-Mold"
48.61806,15.72205,false,"""Kellergasse"", Mörtersdorf, Rosenburg-Mold"
48.393382,15.509173,false,"""Rossatzbacher Straße"", Rossatz, Rossatz-Arnsdorf"
48.396643,15.486728,false,"""Bundesstraße"", Rührsdorf, Rossatz-Arnsdorf"
48.45745,16.03538,false,"""Bei der Oberrußbacher Straße"", Niederrußbach, Rußbach"
48.4496,16.04229,false,"Kellergasse/Lehm (bei der Kirche), Niederrußbach, Rußbach"
48.47258,16.04769,false,", Oberrußbach, Rußbach"
48.45007,16.08387,false,"Bachgasse, Stranzendorf, Rußbach"
48.44908,16.08149,false,"Fliederweg, Stranzendorf, Rußbach"
48.45298,16.07925,false,"Pfarrgasse, Stranzendorf, Rußbach"
48.45507,16.07826,false,"Kellergasse (bei der Kirche), Stranzendorf, Rußbach"
48.09451,16.79522,false,"Kellergasse, Scharndorf, Scharndorf"
48.722411,16.719172,false,"Bindergasse, Schrattenberg, Schrattenberg"
48.728787,16.71671,false,"Drittln/Neubau, Schrattenberg, Schrattenberg"
48.729496,16.719681,false,"Fürstenweg, Schrattenberg, Schrattenberg"
48.7254,16.71589,false,"Mohrberg, Schrattenberg, Schrattenberg"
48.71926,16.713431,false,"Trift/Burg/Dameln, Schrattenberg, Schrattenberg"
48.07698,16.57755,false,"Am Ziegelofen/Kellern/Weinberggasse, Schwadorf, Schwadorf"
48.13748,16.4835,false,"Am Kellerberg, Schwechat, Schwechat"
48.5449,15.6871,false,", Altenhof, Schönberg am Kamp"
48.554,15.7065,false,", Fernitz, Schönberg am Kamp"
48.5658,15.7144,false,"""Beim Friedhof"", Freischling, Schönberg am Kamp"
48.5084,15.6765,false,"Kremsthal, Mollands, Schönberg am Kamp"
48.5567,15.6663,false,"""Hintaus"", Oberplank, Schönberg am Kamp"
48.5593,15.6659,false,"In der Lehmgrube, Oberplank, Schönberg am Kamp"
48.5587,15.6844,false,"Kellergasse, Plank am Kamp, Schönberg am Kamp"
48.5174,15.6923,false,"Kellergasse, Schönberg am Kamp, Schönberg am Kamp"
48.515,15.6916,false,"Mollandserstraße/Bernthalweg, Schönberg am Kamp, Schönberg am Kamp"
48.5322,15.6846,false,"""Feldweg Richtung Reith"", Stiefern, Schönberg am Kamp"
48.5366,15.6857,false,"""Kellergasse"", Stiefern, Schönberg am Kamp"
48.5439,15.6566,false,"""Kellertrift"", Thürneustift, Schönberg am Kamp"
48.37204,16.68422,false,"Am Bergl (bei der Kirche), Reyersdorf, Schönkirchen-Reyersdorf"
48.3741,16.68048,false,"Hauptstraße, Reyersdorf, Schönkirchen-Reyersdorf"
48.36308,16.6999,false,"Kellergasse/Hans Wagner-Schönkirchstraße, Schönkirchen, Schönkirchen-Reyersdorf"
48.36646,16.52947,false,"""Gegenüber Hofwiese"", Pillichsdorf, Pillichsdorf"
48.3681,16.542568,false,"Kellergasse, Pillichsdorf, Pillichsdorf"
48.365835,16.545163,false,"Untere Kellergasse, Pillichsdorf, Pillichsdorf"
48.11685,16.86274,false,"Langegasse, Petronell-Carnuntum, Petronell-Carnuntum"
48.692529,16.554785,false,"Kellerberg, Altruppersdorf, Poysdorf"
48.691817,16.554486,false,"Landaschluchtgasse, Altruppersdorf, Poysdorf"
48.624696,16.643425,false,"""Bei der Herrengasse"", Erdberg, Poysdorf"
48.626824,16.650509,false,"Loamgstetten (""Holzweg""), Erdberg, Poysdorf"
48.683482,16.560838,false,"Kellerweg, Föllim, Poysdorf"
48.676067,16.560163,false,"Kuglerstraße, Föllim, Poysdorf"
48.63909,16.64975,false,"Geringen, Ketzelsdorf, Poysdorf"
48.65768,16.58365,false,"""Bei den Schnellern Kellern"", Kleinhadersdorf, Poysdorf"
48.67084,16.59259,false,"Grundern, Kleinhadersdorf, Poysdorf"
48.65683,16.58677,false,"Schnellern Keller, Kleinhadersdorf, Poysdorf"
48.714172,16.63411,false,"""Hauptstraße"", Poysbrunn, Poysdorf"
48.714897,16.624407,false,"Alleestraße, Poysbrunn, Poysdorf"
48.71709,16.62028,false,"Franzensberg, Poysbrunn, Poysdorf"
48.722936,16.629725,false,"Triftberg, Poysbrunn, Poysdorf"
48.669387,16.624034,false,"Berggasse, Poysdorf, Poysdorf"
48.672501,16.629017,false,"Brünnerstraße, Poysdorf, Poysdorf"
48.67047,16.63341,false,"Bürsting, Poysdorf, Poysdorf"
48.671134,16.627609,false,"Gstetten (bei der Kirche), Poysdorf, Poysdorf"
48.66999,16.62832,false,"Kirchengraben, Poysdorf, Poysdorf"
48.674512,16.624146,false,"Radyweg, Poysdorf, Poysdorf"
48.670327,16.617013,false,"Rösselberg, Poysdorf, Poysdorf"
48.669079,16.634956,false,"Singergasse, Poysdorf, Poysdorf"
48.663784,16.671836,false,"Am Neugebäude, Walterskirchen, Poysdorf"
48.64689,16.62474,false,"""Kleine Kellergasse"", Wetzelsdorf, Poysdorf"
48.647934,16.624324,false,"Große Kellergasse, Wetzelsdorf, Poysdorf"
48.64772,16.62845,false,"Rennweg, Wetzelsdorf, Poysdorf"
48.670239,16.608772,false,"Folda, Wilhelmsdorf, Poysdorf"
48.70035,16.0474,false,"Kellertrift, Peigarten, Pernersdorf"
48.70653,16.04078,false,"Mühlgasse (beim Friedhof), Peigarten, Pernersdorf"
48.69276,16.02256,false,"""Guntersdorfer Straße"", Pernersdorf, Pernersdorf"
48.69939,16.01384,false,"Kellergasse, Pernersdorf, Pernersdorf"
48.70472,16.02695,false,"Kellergasse, Pfaffendorf, Pernersdorf"
48.34764,15.64402,false,"Kellerweg, Höbenbach, Paudorf"
48.60867,16.82574,false,"""Hausbrunner Straße"", Dobermannsdorf, Palterndorf-Dobermannsdorf"
48.60775,16.81843,false,"Kellergasse/Schillingried, Dobermannsdorf, Palterndorf-Dobermannsdorf"
48.58851,16.81692,false,"Kellergasse, Palterndorf, Palterndorf-Dobermannsdorf"
48.58905,16.81483,false,"Friedhofgasse/Teichgasse/Turmweg/Gartengasse, Palterndorf, Palterndorf-Dobermannsdorf"
48.5614,16.5964,false,"Ebendorfer Hauptstraße, Ebendorf, Mistelbach (Niederösterreich)"
48.5621,16.6036,false,"Lindenberggasse, Ebendorf, Mistelbach (Niederösterreich)"
48.5957,16.6038,false,"Am Schenkberg, Eibesthal, Mistelbach (Niederösterreich)"
48.5973,16.601,false,"Marktweg / Neustift / Ohringergasse, Eibesthal, Mistelbach (Niederösterreich)"
48.6075,16.6016,false,"Oberort (auch Viehtrift genannt), Eibesthal, Mistelbach (Niederösterreich)"
48.60134,16.5984,false,"Pfandnerweg, Eibesthal, Mistelbach (Niederösterreich)"
48.6442,16.4854,false,"Hanselberg, Frättingsdorf, Mistelbach (Niederösterreich)"
48.6403,16.4883,false,"Holzleitenstraße, Frättingsdorf, Mistelbach (Niederösterreich)"
48.6296,16.5169,false,"Obere (Hörersdorfer) Kellergasse, Hörersdorf, Mistelbach (Niederösterreich)"
48.6253,16.5155,false,"Untere (Hörersdorfer) Kellergasse, Hörersdorf, Mistelbach (Niederösterreich)"
48.5675,16.5363,false,"Lindenallee, Hüttendorf, Mistelbach (Niederösterreich)"
48.5654,16.5421,false,"Obere (Hüttendorfer) Landstraße / Untere (Hüttendorfer) Landstraße, Hüttendorf, Mistelbach (Niederösterreich)"
48.5576,16.6585,false,"beim Baumkreis, Kettlasbrunn, Mistelbach (Niederösterreich)"
48.5598,16.6545,false,"beim Friedhof (Kettlasbrunn), Kettlasbrunn, Mistelbach (Niederösterreich)"
48.5568,16.5663,false,"(Lanzendorfer) Hauptstraße, Lanzendorf, Mistelbach (Niederösterreich)"
48.5507,16.5757,false,"(Lanzendorfer) Kellergasse, Lanzendorf, Mistelbach (Niederösterreich)"
48.5716,16.5759,false,"Berggasse / Kellergasse, Mistelbach, Mistelbach (Niederösterreich)"
48.5747,16.5686,false,"Franz-Josef-Straße, Mistelbach, Mistelbach (Niederösterreich)"
48.575,16.5733,false,"Winzerschulgasse, Mistelbach, Mistelbach (Niederösterreich)"
48.5443,16.5368,false,"Karl-König-Straße, Paasdorf, Mistelbach (Niederösterreich)"
48.541,16.5391,false,"Kellerrundplatz, Paasdorf, Mistelbach (Niederösterreich)"
48.53782,16.54581,false,"Gutshofstraße, Paasdorf, Mistelbach (Niederösterreich)"
48.53782,16.54581,false,"Atzelsdorfer Straße, Ortsende, Paasdorf, Mistelbach (Niederösterreich)"
48.54081,16.54566,false,"südöstliches Hintaus, Paasdorf, Mistelbach (Niederösterreich)"
48.611,16.5321,false,"Bahnkellergasse, Siebenhirten, Mistelbach (Niederösterreich)"
48.6086,16.5385,false,"Hintausstraße (Siebenhirten), Siebenhirten, Mistelbach (Niederösterreich)"
48.5547,15.8168,false,Kellergasse
48.5412,15.7837,false,"Eggendorf, bei der Mühlbacher Straße, Eggendorf am Walde, Maissau"
48.54066,15.78552,false,"Eggendorf, südöstliches Hintaus, Eggendorf am Walde, Maissau"
48.54344,15.78125,false,"Eggendorf, südwestliches Hintaus, Eggendorf am Walde, Maissau"
48.5536,15.7975,false,"Kellergasse Grübern / Am Tiefenbach, Grübern, Maissau"
48.5496,15.7926,false,"Kellergasse Kogelfeld / An der Eggendorfer Straße, Grübern, Maissau"
48.5538,15.7903,false,Keller
48.5503,15.7916,false,Presshäuser
48.5495,15.7926,false,Keller
48.56,15.7535,false,"Kellergasse Kleinburgstall, Kleinburgstall, Maissau"
48.5943,15.8595,false,"Limberg: Gartengasse, Limberg, Maissau"
48.5974,15.8595,false,"Limberg: Steinweg, Limberg, Maissau"
48.5996,15.8691,false,"Kellergasse Straninger Straße, Limberg, Limberg, Maissau"
48.5737,15.8277,false,"Kellergasse Am Berg, Maissau (""Am Berg I""), Maissau, Maissau"
48.5746,15.8281,false,"Kellergasse Viaduktgasse, Maissau (""Am Berg II""), Maissau, Maissau"
48.577,15.8332,false,"Kellergasse Maissau, Oberer Weg (bei Friedhof), Maissau, Maissau"
48.5685,15.8213,false,"Weinberg-Kellergasse; Maissau (Klosterbühel), Maissau, Maissau"
48.5776,15.8412,false,"Maissau - Bahnstraße, Maissau, Maissau"
48.589,15.8514,false,"Kellergasse Oberdürnbach, Sonnwendberg, Oberdürnbach, Maissau"
48.5865,15.845,false,"Hinter der Kirche, Oberdürnbach, Oberdürnbach, Maissau"
48.5746,15.7632,false,"Reikersdorf, Feldweg Richtung Raan, Reikersdorf, Maissau"
48.5755,15.7674,false,"Reikersdorf, Sachsendorfer Straße, Reikersdorf, Maissau"
48.5814,15.8672,false,"Unterdürnbach, Oberdürnbacher Straße, Unterdürnbach, Maissau"
48.579,15.8719,false,"Unterdürnbach, An der Landesstraße, Unterdürnbach, Maissau"
48.5789,15.8753,false,"Unterdürnbach, nördliches Hintaus, Unterdürnbach, Maissau"
48.5821,15.8709,false,"Unterdürnbach, Hoher Rain / Bei der Kirche, Unterdürnbach, Maissau"
48.67615,15.8133,false,"Eggenburger Straße, Kattau, Meiseldorf"
48.67505,15.80892,false,"Friedhofsweg, Kattau, Meiseldorf"
48.67863,15.80288,false,"Maigner Straße, Kattau, Meiseldorf"
48.67838,15.8113,false,"Missingdorfer Straße, Kattau, Meiseldorf"
48.66553,15.75468,false,"Nördliches Hintaus, Klein-Meiseldorf, Meiseldorf"
48.62487,16.21942,false,"Kellergasse, Dürnleis, Nappersdorf-Kammersdorf"
48.62849,16.22882,false,"Heinreich, Dürnleis, Nappersdorf-Kammersdorf"
48.60476,16.19045,false,", Haslach, Nappersdorf-Kammersdorf"
48.60492,16.1927,false,"Hintaus, Haslach, Nappersdorf-Kammersdorf"
48.62931,16.24059,false,"Neustift, Kammersdorf, Nappersdorf-Kammersdorf"
48.62731,16.24194,false,"Kellergasse, Kammersdorf, Nappersdorf-Kammersdorf"
48.62456,16.23697,false,", Kammersdorf, Nappersdorf-Kammersdorf"
48.61601,16.22576,false,"Kellergasse, Kleinsierndorf, Nappersdorf-Kammersdorf"
48.63536,16.19952,false,"Kellergasse, Kleinweikersdorf, Nappersdorf-Kammersdorf"
48.62873,16.19785,false,"Schintagrube, Kleinweikersdorf, Nappersdorf-Kammersdorf"
48.62878,16.18944,false,"Hasengassl, Nappersdorf, Nappersdorf-Kammersdorf"
48.629,16.19394,false,"Kellergasse, Nappersdorf, Nappersdorf-Kammersdorf"
48.2085,15.33243,false,", Pöverding, Melk"
48.38377,15.59105,false,"Silberbühel, Mautern an der Donau, Mautern an der Donau"
48.23938,15.56512,false,"Kellerstraße, Flinsbach, Neidling"
48.24867,15.80389,false,", Haselbach, Perschling"
48.26878,15.80905,false,", Langmannersdorf, Perschling"
48.26869,15.79504,false,", Weißenkirchen an der Perschling, Perschling"
48.26934,15.78809,false,", Weißenkirchen an der Perschling, Perschling"
48.26752,15.62612,false,"Greilinger Kellern, Diendorf, Großrust, Obritzberg-Rust"
48.26656,15.62821,false,Keller
48.25125,15.61448,false,"Flinsdorfer Kellern, Flinsdorf, Obritzberg-Rust"
48.2897,15.62443,false,"Fugginger Kellergasse, Fugging, Obritzberg-Rust"
48.28678,15.62183,false,"Weingartenweg, Fugging, Obritzberg-Rust"
48.285941,15.621878,false,"Kleinruster Kellern, Kleinrust, Obritzberg-Rust"
48.27423,15.60771,false,"Großruster Kellergasse, Großrust, Obritzberg-Rust"
48.29772,15.57854,false,"Grünzer Keller, Grünz, Obritzberg-Rust"
48.25552,15.65486,false,"Großkellern, Hain, Obritzberg-Rust"
48.25401,15.64935,false,"Kleinkellern, Hain, Obritzberg-Rust"
48.284831,15.572273,false,"Pfaffinger Kellern, Pfaffing, Obritzberg-Rust"
48.26571,15.61827,false,"Untermerkinger Kellern, Untermerking, Obritzberg-Rust"
48.26808,15.65797,false,"Zagginger Kellergasse, Zagging, Obritzberg-Rust"
48.08548,16.52484,false,"Kellergasse, Rauchenwarth, Rauchenwarth"
48.28759,15.95789,false,"Hauptstraße, Atzelsdorf, Michelhausen"
48.27363,15.89293,false,"Hägerberg, Michelndorf, Michelhausen"
48.27423,15.89816,false,Keller
48.27482,15.90175,false,Keller?
48.27556,15.93894,false,", Streithofen, Michelhausen"
48.34839,15.70187,false,"Nußdorfer Straße, Franzhausen, Nußdorf ob der Traisen"
48.35774,15.69195,false,"Neusiedler Straße, Neusiedl, Nußdorf ob der Traisen"
48.35316,15.69968,false,"Bachgasse, Nußdorf an der Traisen, Nußdorf ob der Traisen"
48.35543,15.69341,false,"Kirchengasse, Nußdorf an der Traisen, Nußdorf ob der Traisen"
48.35482,15.6903,false,"Schmiedgasse, Nußdorf an der Traisen, Nußdorf ob der Traisen"
48.33857,15.70116,false,"Grumbiglgasse, Reichersdorf, Nußdorf ob der Traisen"
48.34191,15.70404,false,"Schabeln, Reichersdorf, Nußdorf ob der Traisen"
48.33762,15.69332,false,"Kellergasse / Weinriedenweg, Reichersdorf, Nußdorf ob der Traisen"
48.35135,15.69956,false,", Nußdorf an der Traisen, Nußdorf ob der Traisen"
48.3405,15.67539,false,", Theyern, Nußdorf ob der Traisen"
48.4722,16.29459,false,"Hauptstraße, Bruderndorf, Niederhollabrunn"
48.43614,16.27744,false,"Bei der Kirche, Haselbach, Niederhollabrunn"
48.46404,16.29832,false,"Güterweg Loidl, Niederfellabrunn, Niederhollabrunn"
48.46304,16.31006,false,"Praunsbergstraße, Niederfellabrunn, Niederhollabrunn"
48.46158,16.30783,false,"Weinberggasse, Niederfellabrunn, Niederhollabrunn"
48.45703,16.30296,false,", Niederfellabrunn, Niederhollabrunn, Niederhollabrunn"
48.45031,16.30095,false,"Bei der Kirche, Niederhollabrunn, Niederhollabrunn"
48.44774,16.29985,false,"Brunnader, Niederhollabrunn, Niederhollabrunn"
48.44697,16.29869,false,"Kohlstatt, Niederhollabrunn, Niederhollabrunn"
48.46636,16.26732,false,"Beim Gutshof Kühtreiber, Streitdorf, Niederhollabrunn"
48.17801,15.47559,false,", Haindorf, Markersdorf-Haindorf"
48.18215,15.47026,false,", Knetzersdorf, Markersdorf-Haindorf"
48.73111111,16.52888889,false,"Trift, Kirchstetten, Neudorf im Weinviertel"
48.72027778,16.49722222,false,"Kellerberg, Neudorf, Neudorf im Weinviertel"
48.72303,16.49468,false,"Kirchstettner Straße, Neudorf, Neudorf im Weinviertel"
48.72378,16.48295,false,"Untern Kellern, Neudorf, Neudorf im Weinviertel"
48.72269,16.53815,false,"Neuberg, Zlabern, Neudorf im Weinviertel"
48.72033,16.53953,false,Kellerzeile
48.72235,16.54376,false,Kellerzeile
48.71757,16.53778,false,"Steinler, Zlabern, Neudorf im Weinviertel"
48.51535,16.41583,false,"Kellergasse, Helfens, Niederleis"
48.54972,16.39387,false,"Kellergasse, beim Kindergarten, Niederleis, Niederleis"
48.54936,16.39571,false,"Nodendorfer Straße, Niederleis, Niederleis"
48.56195,16.39473,false,"Kalkgrube, Niederleis, Niederleis"
48.55356,16.39999,false,"Bahnzeile (""Kellergasse""), Niederleis, Niederleis"
48.5494,16.38115,false,"Geisbügelweg, Nodendorf, Niederleis"
48.26876,16.63579,false,"Museumstraße, Markgrafneusiedl, Markgrafneusiedl"
48.46234,16.62819,false,"Hohlweg, Dechant-Neidl-Gasse, Kleinharras, Matzen-Raggendorf"
48.46076,16.62542,false,"Harraser Hauptstraße, Kleinharras, Matzen-Raggendorf"
48.40836,16.69413,false,"Kellergasse, Matzen, Matzen-Raggendorf"
48.39932,16.69787,false,"Obere Berggasse, Matzen, Matzen-Raggendorf"
48.39373,16.66313,false,"Kellerberg, Raggendorf, Matzen-Raggendorf"
48.39635,16.65713,false,"Rebschulgasse, Raggendorf, Matzen-Raggendorf"
48.396,16.65984,false,"Kellergasse, Simandlgasse, Raggendorf, Matzen-Raggendorf"
48.60015,16.78502,false,"Burggasse, Neusiedl an der Zaya, Neusiedl an der Zaya"
48.59938,16.78708,false,"Friedhofstraße, Neusiedl an der Zaya, Neusiedl an der Zaya"
48.60004,16.78278,false,"Obere Kellergasse, Steinweg, Neusiedl an der Zaya, Neusiedl an der Zaya"
48.59874,16.79573,false,"Sackgasse, Neusiedl an der Zaya, Neusiedl an der Zaya"
48.59751,16.78686,false,"Schulgasse, Neusiedl an der Zaya, Neusiedl an der Zaya"
48.59856,16.78948,false,"Siedlungsstraße, Neusiedl an der Zaya, Neusiedl an der Zaya"
48.59908,16.7924,false,"Untere Kellergasse, Kirchengasse, Neusiedl an der Zaya, Neusiedl an der Zaya"
48.61417,16.77886,false,"Hausberg, St. Ulrich, Neusiedl an der Zaya"
48.61222,16.7824,false,", St. Ulrich, Neusiedl an der Zaya"
48.01401,14.97162,false,", Randegg, Randegg"
48.634994,15.937214,false,"Hintaus, Braunsdorf, Sitzendorf an der Schmida"
48.635887,15.938091,false,"Herz, Braunsdorf, Sitzendorf an der Schmida"
48.635984,15.938655,false,"In der Lissen, Braunsdorf, Sitzendorf an der Schmida"
48.637508,15.93662,false,"In der Grean, Braunsdorf, Sitzendorf an der Schmida"
48.638798,15.935163,false,"Außerörtl, Braunsdorf, Sitzendorf an der Schmida"
48.574215,15.939017,false,"Halterbergkellergasse, Frauendorf an der Schmida, Sitzendorf an der Schmida"
48.570585,15.946507,false,"Keller bei den Linden, Frauendorf an der Schmida, Sitzendorf an der Schmida"
48.576031,15.944645,false,"Lohrkellergasse, Frauendorf an der Schmida, Sitzendorf an der Schmida"
48.58122,15.940842,false,"Mühlkellergasse, Frauendorf an der Schmida, Sitzendorf an der Schmida"
48.580004,15.945763,false,"Rosenbergkellergasse, Frauendorf an der Schmida, Sitzendorf an der Schmida"
48.618388,15.940884,false,"Fuchsenkellergasse, Goggendorf, Sitzendorf an der Schmida"
48.620971,15.94123,false,"Kreuzkellergasse, Goggendorf, Sitzendorf an der Schmida"
48.613871,15.938806,false,"Kühbergkellergasse, Goggendorf, Sitzendorf an der Schmida"
48.621852,15.938923,false,"Schirmbergkellergasse, Goggendorf, Sitzendorf an der Schmida"
48.597374,15.887984,false,"Kellergasse, Niederschleinz, Sitzendorf an der Schmida"
48.649661,15.933454,false,"Kellergasse, Roseldorf, Sitzendorf an der Schmida"
48.596196,15.941906,false,"Im Winkerl, Sitzendorf, Sitzendorf an der Schmida"
48.603703,15.941072,false,"Mühlkellergasse, Sitzendorf, Sitzendorf an der Schmida"
48.602169,15.943842,false,"Kellergasse, Sitzendorf, Sitzendorf an der Schmida"
48.603104,15.946167,false,"Mühlbergkellergasse, Sitzendorf, Sitzendorf an der Schmida"
48.59465,15.941624,false,"Kellerzeile Im Kälbergarten, Sitzendorf, Sitzendorf an der Schmida"
48.596559,15.944651,false,"Kellerzeile im Patergraben, Sitzendorf, Sitzendorf an der Schmida"
48.609067,15.978221,false,"Kellerzeile an der L35, Sitzenhart, Sitzendorf an der Schmida"
48.52549,15.94658,false,"Kellergasse, Dippersdorf, Ziersdorf"
48.549873,15.961055,false,"Kellergasse Fahndorf, Fahndorf, Ziersdorf"
48.551549,15.963883,false,"Kellergasse Gassl, Fahndorf, Ziersdorf"
48.550733,15.920736,false,"Kellergasse Gettsdorf, Gettsdorf, Ziersdorf"
48.54944,15.92456,false,"Hutwinger Feld (Hutwinkel/Promille-Weg), Gettsdorf, Ziersdorf"
48.53091,15.88682,false,"Nordöstliche Radialstraße, Großmeiseldorf, Ziersdorf"
48.52976,15.87131,false,"Hohenwarter Straße, Großmeiseldorf, Ziersdorf"
48.53247,15.87613,false,"Parallel zur Minichhofener Straße, Großmeiseldorf, Ziersdorf"
48.53318,15.87503,false,"Ortsende Nord (Steinbruchgraben), Großmeiseldorf, Ziersdorf"
48.52779,15.88362,false,"Maistal, Großmeiseldorf, Ziersdorf"
48.52998,15.87438,false,"Südwestlicher Radialweg, Großmeiseldorf, Ziersdorf"
48.554188,15.933254,false,"Kellergasse Hollenstein, Hintaus, Hollenstein, Ziersdorf"
48.55539,15.93182,false,"Richtung Teichberg, Hollenstein, Ziersdorf"
48.539221,15.978199,false,"Richtung Reisberg, Kiblitz, Ziersdorf"
48.53714,15.98329,false,"Südliches Hintaus, Kiblitz, Ziersdorf"
48.537023,15.978327,false,"Kellergasse Kiblitz 3, Kiblitz, Ziersdorf"
48.512023,15.905038,false,"Hohenwarter Kellergasse, Radlbrunn, Ziersdorf"
48.51277,15.906834,false,"Meiseldorfer Kellergasse, Radlbrunn, Ziersdorf"
48.5141,15.914569,false,"Hühnergraben, Radlbrunn, Ziersdorf"
48.515523,15.960921,false,"Kellergasse Am Leuchter, Rohrbach, Ziersdorf"
48.52581,15.92744,false,"Kellergasse Ziersdorf, Ziersdorf, Ziersdorf"
48.53345,15.94029,false,"Mossbergkurve, Ziersdorf, Ziersdorf"
48.52356,15.92514,false,"Kellergasse Richtung Radlbrunn, Ziersdorf, Ziersdorf"
48.529685,15.92643,false,"Kirchensteig-Retzerstraße, Ziersdorf, Ziersdorf"
48.695773,15.917574,false,"Kellergasse Deinzendorf, Deinzendorf, Zellerndorf"
48.695273,15.920037,false,"Rondelle / Kellerplatz, Deinzendorf, Zellerndorf"
48.69619,15.907376,false,"Kellergasse Dietmannsdorf, Dietmannsdorf, Zellerndorf"
48.69558,15.91245,false,"Deinzendorfer Straße und bei der Kapelle, Dietmannsdorf, Zellerndorf"
48.720331,15.938835,false,"Öhlbergkellergasse, Pillersdorf, Zellerndorf"
48.666898,15.957834,false,"Nusswald-Kellergasse, Platt, Zellerndorf"
48.669584,15.968185,false,"Leithen-Kellergasse, Platt, Zellerndorf"
48.664432,15.963132,false,"Holzbrunn-Kellergasse, Platt, Zellerndorf"
48.66459,15.96924,false,", Platt, Zellerndorf"
48.697126,15.991003,false,"Kellergasse Watzelsdorf, Watzelsdorf, Zellerndorf"
48.697156,15.979019,false,"Veitelbergkellergasse, Watzelsdorf, Zellerndorf"
48.697454,15.970958,false,"Veitelbergkellergasse, Zellerndorf, Zellerndorf"
48.692433,15.949003,false,"Maulavern Kellergasse, Zellerndorf, Zellerndorf"
48.701497,15.950733,false,"Kellergasse Pillersdorfer Straße, Zellerndorf, Zellerndorf"
48.700143,15.953689,false,"Kellergasse Philipp und Jakob, Zellerndorf, Zellerndorf"
48.699516,15.948461,false,"Kellergasse Point, Zellerndorf, Zellerndorf"
48.7015,15.956203,false,"Reichsgraben Kellergasse, Zellerndorf, Zellerndorf"
48.38201,16.17514,false,"Tullnerstraße, Unterzögersdorf, Stockerau"
48.72595,16.18534,false,"Kellertrift, Großkadolz, Seefeld-Kadolz"
48.72572,16.17059,false,"Kellertrift, Seefeld, Seefeld-Kadolz"
48.43806,15.58458,false,"Kellergasse/Platzl, Imbach, Senftenberg"
48.4514,15.55934,false,"Dorntal, Senftenberg, Senftenberg"
48.26426,15.96566,false,"""Am Hang"", Dietersdorf, Sieghartskirchen"
48.27413,15.98733,false,"Hauptstraße, Gollarn, Sieghartskirchen"
48.2687,16.01508,false,"""Hintaus südlicher Teil"", Henzing, Sieghartskirchen"
48.26406,15.99958,false,", Ranzelsdorf, Sieghartskirchen"
48.44745,16.17891,false,", Höbersdorf, Sierndorf"
48.44946,16.18171,false,"Senninger Straße, Höbersdorf, Sierndorf"
48.44168,16.1312,false,"""Bei Friedhof und Kirche"", Oberhautzental, Sierndorf"
48.44124,16.1283,false,"""Hintaus"", Oberhautzental, Sierndorf"
48.45898,16.154,false,"""Beim Friedhof"", Obermallebarn, Sierndorf"
48.46222,16.15655,false,"""Hintaus"", Obermallebarn, Sierndorf"
48.41245,16.15863,false,"Kellergasse, Oberolberndorf, Sierndorf"
48.45653,16.21455,false,", Senning, Sierndorf"
48.45117,16.22063,false,"""Streitdorfer Straße"", Senning, Sierndorf"
48.43515,16.1427,false,"""Hintaus I"", Unterhautzenthal, Sierndorf"
48.43239,16.14299,false,"""Hintaus II"", Unterhautzenthal, Sierndorf"
48.46219,16.17261,false,"""Kellerberg"", Untermallebarn, Sierndorf"
48.457,16.10871,false,"""Hintaus"", Unterparschenbrunn, Sierndorf"
47.98693,16.654,false,"Hauptstraße, Sommerein, Sommerein"
48.37981,16.25477,false,"Landstraße, Spillern, Spillern"
48.46651,16.74318,false,"Am Gwend (bei der Kirche), Spannberg, Spannberg"
48.46136,16.73941,false,"Grüngasse/Eselgrund, Spannberg, Spannberg"
48.46657,16.73728,false,"Kurzgasse, Spannberg, Spannberg"
48.47398,16.777414,false,"""Loidesthaler Straße"", Velm-Götzendorf, Velm-Götzendorf"
48.470958,16.79807,false,"Am Kellerberg, Velm-Götzendorf, Velm-Götzendorf"
48.468782,16.772321,false,"Hauptstraße (""Richtung Spannberg""), Velm-Götzendorf, Velm-Götzendorf"
48.46793,16.79996,false,"Hauptstraße ""Richtung Waidendorf"", Velm-Götzendorf, Velm-Götzendorf"
48.469792,16.780523,false,"Kellergasse, Velm-Götzendorf, Velm-Götzendorf"
48.6731,15.6297,false,"""Kellergasse (bei der Kirche)"", Frauenhofen, St. Bernhard-Frauenhofen"
48.6966,15.7971,false,"""Sigmundsherberger Straße"", Missingdorf, Sigmundsherberg"
48.7292,15.7893,false,"""Missingdorfer Straße"", Theras, Sigmundsherberg"
48.7276,15.7963,false,"""Südöstliches Hintaus"", Theras, Sigmundsherberg"
48.1542,15.26034,false,"Au, Au, St. Leonhard am Forst"
48.1522,15.26748,false,"Fachelberg, Fachelberg, St. Leonhard am Forst"
48.15608,15.26143,false,"Steinbach, Steinbach, St. Leonhard am Forst"
48.217684,15.620875,false,"Weiterner Kellerweg/Mamauer Kellerweg, St. Pölten, St. Pölten"
48.22423,15.62826,false,"Finkensteinweg, St. Pölten, St. Pölten"
48.22471,15.72346,false,"Kellergasse Pengersdorf, Pengersdorf, St. Pölten"
48.221537,15.592971,false,"""Bei der Kirche"", Waitzendorf, St. Pölten"
48.24911,15.70864,false,"Wasserburger Kellergasse, Wasserburg, St. Pölten"
48.32014,16.20358,false,"Wallenböckgasse, Sankt Andrä vor dem Hagenthale, St. Andrä-Wördern"
48.33382,15.79245,false,"Eichberger Kellergasse, Ahrenberg, Sitzenberg-Reidling"
48.31804,15.83669,false,", Baumgarten, Sitzenberg-Reidling"
48.31034,15.811,false,", Eggendorf, Sitzenberg-Reidling"
48.29675,15.82772,false,", Hasendorf, Sitzenberg-Reidling"
48.29805,15.83054,false,"""Hintaus"", Hasendorf, Sitzenberg-Reidling"
48.31535,15.8127,false,"Am Sandbühel, Reidling, Sitzenberg-Reidling"
48.31878,15.82135,false,"Birkenzeile, Reidling, Sitzenberg-Reidling"
48.32419,15.79765,false,"Weinbergstraße, Thallern, Sitzenberg-Reidling"
48.181227,15.253402,false,"Sandsteinkellergasse, Zelking, Zelking-Matzleinsdorf"
48.21228,15.28658,false,", Bergern-Maierhöfen, Zelking-Matzleinsdorf"
48.77863,15.86232,false,"Weitersfelder Straße, Oberfladnitz, Weitersfeld"
48.75,15.82093,false,", Obermixnitz, Weitersfeld"
48.76335,15.75868,false,"Trautmannsdorfer Straße, Starrein, Weitersfeld"
48.75814,15.8429,false,"An der Oberfladnitzer Straße, Untermixnitz, Weitersfeld"
48.78475,15.80558,false,"Oberhöfleiner Straße, Weitersfeld, Weitersfeld"
48.78684,15.80664,false,"Fronsburger Straße, Weitersfeld, Weitersfeld"
48.76579,15.27737,false,"Kellergasse, Markl, Windigsteig"
48.61797,15.85544,false,"Kellergasse, Etzmannsdorf bei Straning, Straning-Grafenberg"
48.63559,15.84542,false,"Eggenburger Straße, Grafenberg, Straning-Grafenberg"
48.63523,15.84278,false,"Fuchsenloch, Grafenberg, Straning-Grafenberg"
48.63881,15.84445,false,"Nähe Kogelsteine, Grafenberg, Straning-Grafenberg"
48.62945,15.84335,false,"Steinperzbach, Grafenberg, Straning-Grafenberg"
48.63177,15.84465,false,"Vitusberger Kellergasse, Grafenberg, Straning-Grafenberg"
48.61418,15.86599,false,"Krotenberg, Straning, Straning-Grafenberg"
48.61615,15.8667,false,Kellergasse
48.61418,15.86599,false,Kellergasse
48.61504,15.86448,false,"Wolfsgraben, Straning, Straning-Grafenberg"
48.60524,15.86951,false,"Limberger Straße, Straning, Straning-Grafenberg"
48.61088,15.85882,false,"Kellergasse Viehtrift, Straning, Straning-Grafenberg"
48.63664,15.8831,false,"Hintaus, Wartberg, Straning-Grafenberg"
48.63227,15.88716,false,"Kirchenberg, Wartberg, Straning-Grafenberg"
48.60565,16.15226,false,", Aschendorf, Wullersdorf"
48.61029,16.15429,false,"Steinfeld, Aschendorf, Hart, Wullersdorf"
48.63902,16.06167,false,"Kellertrift, Grund, Wullersdorf"
48.63971,16.05406,false,"An der Bundesstraße, Grund, Wullersdorf"
48.66177,16.13559,false,"Alte Bergen, Immendorf, Wullersdorf"
48.65531,16.14273,false,"Kienern (""Kellergasse Zeiselberg""), Immendorf, Wullersdorf"
48.65187,16.12744,false,"Griegweg (Nähe Jägerhaus), Immendorf, Wullersdorf"
48.65675,16.08308,false,"Kellertrift, Kalladorf, Wullersdorf"
48.63821,16.08371,false,"Kallathal, Kalladorf, Wullersdorf"
48.65774,16.07576,false,"Denkenberg, Grund, Kalladorf, Wullersdorf"
48.61621,16.14619,false,"Raffelfeld, Maria Roggendorf, Wullersdorf"
48.61415,16.12289,false,"beim Kloster, Maria Roggendorf, Raffelhof, Wullersdorf"
48.62823,16.16328,false,"Kirchberg, Oberstinkenbrunn, Wullersdorf"
48.62942,16.16118,false,"Schlosskeller, Oberstinkenbrunn, Wullersdorf"
48.63284,16.16495,false,"Mailberger Keller (Galgenberg), Oberstinkenbrunn, Wullersdorf"
48.63248,16.16246,false,"Tiefer Graben, Oberstinkenbrunn, Wullersdorf"
48.65205,16.15293,false,"Peunten, Schalladorf, Wullersdorf"
48.64692,16.15382,false,"Rohrbergen, Schalladorf, Wullersdorf"
48.62705,16.10389,false,"Kirchberg, Wullersdorf, Wullersdorf"
48.49038,15.74997,false,", Elsarn im Straßertal, Straß im Straßertale"
48.51303,15.74457,false,"An der Schönberger Straße, Obernholz, Straß im Straßertale"
48.47482,15.72893,false,"Gaisbergkellergasse, Straß im Straßertale, Straß im Straßertale"
48.4695,15.7453,false,"Haselkellergasse, Straß im Straßertale, Straß im Straßertale"
48.47708,15.738,false,"Placherkellergasse, Straß im Straßertale, Straß im Straßertale"
48.47735,15.7313,false,"Talstraße-Nord, Straß im Straßertale, Straß im Straßertale"
48.47469,15.73182,false,"Talstraße-Süd, Straß im Straßertale, Straß im Straßertale"
48.49209,15.75309,false,"Wolfsgraben, Wiedendorf, Straß im Straßertale"
48.45131,15.60617,false,"Kellergasse, Stratzing, Stratzing"
48.29779,15.57703,false,Keller
48.30523,15.58213,false,", Ambach, Wölbling"
48.31287,15.60677,false,"Kirchbühel / Hausheimer Kellergasse, Oberwölbling, Wölbling"
48.31852,15.58954,false,"Kühstandsiedlungsstraße, Oberwölbling, Wölbling"
48.32294,15.59617,false,"Antingen, Unterwölbling, Wölbling"
48.32406,15.61475,false,"Flanitzweg, Unterwölbling, Wölbling"
48.32549,15.61127,false,"Leithen, Unterwölbling, Wölbling"
48.32581,15.64377,false,"Kellerweg, Kuffern, Statzendorf"
48.2907,15.65156,false,"Kellerweg, Rottersdorf, Statzendorf"
48.30827,15.64278,false,"Kellergasse, Statzendorf, Statzendorf"
48.05558,16.64033,false,"Kellergasse, Gallbrunn, Trautmannsdorf an der Leitha"
48.03675,16.69103,false,"An der B10, Sarasdorf, Trautmannsdorf an der Leitha"
48.0451,16.68005,false,"Tiefer Weg, Stixneusiedl, Trautmannsdorf an der Leitha"
48.04691,16.67477,false,"Viehtrift, Stixneusiedl, Trautmannsdorf an der Leitha"
48.02442,16.64571,false,"Friedhofsweg, Trautmannsdorf an der Leitha, Trautmannsdorf an der Leitha"
48.16497,15.49475,false,", Linsberg, St. Margarethen an der Sierning"
48.28498,16.07902,false,"Kellergasse Klein-Staasdorf, Staasdorf, Tulln an der Donau"
48.28636,16.10834,false,"An der Zeil, Katzelsdorf an der Zeil, Tulbing"
48.40323,16.04249,false,", Eggendorf am Wagram, Stetteldorf am Wagram"
48.40425,16.02988,false,"Bunschograben, Starnwörth, Stetteldorf am Wagram"
48.40626,16.02828,false,", Starnwörth, Stetteldorf am Wagram"
48.4088,16.01767,false,"Hauptstraße, Stetteldorf am Wagram, Stetteldorf am Wagram"
48.40775,16.01357,false,"Kellergasse, Stetteldorf am Wagram, Stetteldorf am Wagram"
48.40996,16.01843,false,"Russbacher Straße, Stetteldorf am Wagram, Stetteldorf am Wagram"
48.40989,16.01334,false,"Tiefenthaler Straße, Absberger Straße, Stetteldorf am Wagram, Stetteldorf am Wagram"
48.37139,16.3851,false,"Hundsleiten, Stetten (Niederösterreich), Stetten (Niederösterreich)"
48.36073,16.39335,false,"Neubergweg, Stetten (Niederösterreich), Stetten (Niederösterreich)"
48.36758,16.38351,false,"Seebarner Straße / Am Kirchenweg, Stetten (Niederösterreich), Stetten (Niederösterreich)"
48.33755,15.7805,false,"Kellerweg Am Eichberg, Hilpersdorf, Traismauer"
48.33099,15.73394,false,"Spiegelgasse, Oberndorf am Gebirge, Traismauer"
48.34384,15.75815,false,"Am Nasenberg, Stollhofen, Traismauer"
48.34325,15.77018,false,"Geistpiegel, Stollhofen, Traismauer"
48.34618,15.7532,false,"Berghäuser, Traismauer, Traismauer"
48.34723,15.74436,false,"Vorberg-Kellergasse, Waldandachtgasse, Traismauer, Traismauer"
48.34451,15.74263,false,"Tobel, Traismauer, Traismauer"
48.33933,15.73838,false,"Oberndorfer Straße, Weingasse, Waldletzberg, Traismauer"
48.36921,15.71085,false,"Wachaustraße, Wagram an der Traisen, Traismauer"
48.36328,15.70922,false,"Wetterkreuzweg, Kellergasse, Wagram an der Traisen, Traismauer"
48.35803,15.70757,false,"Ziegelofengasse, Wagram an der Traisen, Traismauer"
48.16683,14.71116,false,"Kellergasse, Wallsee, Wallsee-Sindelburg"
48.27226,15.86257,false,"Müllerberg, Diendorf, Saladorf, Grub, Würmla"
48.25809,15.84951,false,", Jetzing, Würmla"
48.24852,15.87824,false,", Mittermoos, Würmla"
48.24039,15.88024,false,"Hauptstraße, Waltendorf, Würmla"
48.25365,15.86181,false,"Kahlenbergstraße, Würmla, Würmla"
48.25824,15.86055,false,"Tullner Straße, Würmla, Würmla"
48.65011,16.33594,false,"Kellerberg, Oberschoderlee, Stronsdorf"
48.64864,16.34024,false,"Neue Kellergasse, Oberschoderlee, Stronsdorf"
48.61753,16.2668,false,"Hintaus, Patzenthal, Stronsdorf"
48.61998,16.26981,false,"Patzmannsdorfer Straße, Patzenthal, Stronsdorf"
48.63653,16.28298,false,"Hintaus, Patzmannsdorf, Stronsdorf"
48.62713,16.28949,false,"Schlossberg, Patzmannsdorf, Stronsdorf"
48.62531,16.2818,false,"Trift, Patzmannsdorf, Stronsdorf"
48.63237,16.3155,false,"Mayerhölzl, Stronegg, Stronsdorf"
48.65523,16.29821,false,"Hintaus, Stronsdorf, Stronsdorf"
48.64738,16.3016,false,"Kellertrift, Stronsdorf, Stronsdorf"
48.64904,16.29866,false,"Zeiselberg, Stronsdorf, Stronsdorf"
48.65832,16.32388,false,"Beim Hausberg, Unterschoderlee, Stronsdorf"
48.65572,16.32478,false,"Hintaus, Unterschoderlee, Stronsdorf"
48.66013,16.34673,false,"Lehmgrube (""Loamgrui""), Unterstinkenbrunn, Unterstinkenbrunn"
48.66968,16.34488,false,"beim Schloss, Unterstinkenbrunn, Unterstinkenbrunn"
48.74914,16.52786,false,"Burgstallweg, Neuruppersdorf, Wildendürnbach"
48.75015,16.51864,false,"Gaisberg - nördlicher Teil, Neuruppersdorf, Wildendürnbach"
48.74897,16.52116,false,"Gaisberg - südlicher Teil, Neuruppersdorf, Wildendürnbach"
48.75317,16.5147,false,"Grimm, Neuruppersdorf, Wildendürnbach"
48.75378,16.52764,false,"Waldstätten, Neuruppersdorf, Wildendürnbach"
48.75611,16.55207,false,"Pottenau, Pottenhofen, Wildendürnbach"
48.77114,16.50842,false,"Galgenberg, Wildendürnbach, Neuruppersdorf, Wildendürnbach"
48.7667,16.50639,false,"Vorstadt, Neuruppersdorf, Wildendürnbach, Wildendürnbach"
48.66699,16.53797,false,"im Ort, Ameis, Staatz"
48.66059,16.54273,false,", Ameis, Staatz"
48.66758,16.54115,false,", Ameis, Staatz"
48.67257,16.50407,false,"Auberg, Enzersdorf bei Staatz, Staatz"
48.66973,16.49974,false,"Am Aus, Enzersdorf bei Staatz, Staatz"
48.67658,16.50269,false,"""Richtung Auberg"", Enzersdorf bei Staatz, Staatz"
48.66218,16.4907,false,"Alten Bergen, Ernsdorf, Staatz"
48.668,16.48468,false,"Schlichtenberg, Staatz-Kautendorf, Staatz"
48.67779,16.48637,false,"""im Ort"", Staatz-Kautendorf, Staatz"
48.6501,16.52518,false,"Lehmgstetten, Waltersdorf, Staatz"
48.6557,16.53132,false,"Kellertrift, Waltersdorf, Staatz"
48.66799,16.46381,false,"Zigeunerwinkel, Wultendorf, Staatz"
48.66407,16.46433,false,"bei der Kirche, Wultendorf, Staatz"
48.66156,16.46818,false,"Point, Wultendorf, Staatz"
48.66266,16.54692,false,"Loamgstettn'""`UNIQ--ref-00000004-QINU`""', Ameis, Staatz"
48.41986,16.51306,false,"Hausgraben, Kronberg, Ulrichskirchen-Schleinbach"
48.42176,16.51376,false,"Kellergasse, Kronberg, Ulrichskirchen-Schleinbach"
48.42283,16.46923,false,"Sonnleithengasse, Schleinbach, Ulrichskirchen-Schleinbach"
48.41852,16.48319,false,"Ulrichskirchner Straße, Schleinbach, Ulrichskirchen-Schleinbach"
48.41775,16.46462,false,"Waldgasse, Schleinbach, Ulrichskirchen-Schleinbach"
48.42036,16.46973,false,", Schleinbach, Ulrichskirchen-Schleinbach"
48.42107,16.48123,false,"Ziegelofenweg, Schleinbach, Ulrichskirchen-Schleinbach"
48.40246,16.48859,false,"Hohe Schule, Ulrichskirchen, Ulrichskirchen-Schleinbach"
48.39861,16.48977,false,"Neuhäuslgasse, Ulrichskirchen, Ulrichskirchen-Schleinbach"
48.4065,16.48705,false,"Viehtrift, Ulrichskirchen, Ulrichskirchen-Schleinbach"
48.38767,16.46588,false,"Südlich der Hauptstraße, Alter Hof, Seiser, Münichsthal, Wolkersdorf im Weinviertel"
48.38304,16.47476,false,"Grasenberg, Münichsthal, Wolkersdorf im Weinviertel"
48.38984,16.46444,false,"Bachgasse, Münichsthal, Wolkersdorf im Weinviertel"
48.39145,16.46182,false,"Hauptstraße, Siedlungsstraße, Münichsthal, Wolkersdorf im Weinviertel"
48.38578,16.47725,false,"Sonnleiten, Brunnweingärten, Münichsthal, Wolkersdorf im Weinviertel"
48.36832,16.52362,false,"Kellergasse, Antoniusgasse, Seyringer Straße, Obersdorf, Wolkersdorf im Weinviertel"
48.37284,16.5306,false,"(Satzen), Obersdorf, Wolkersdorf im Weinviertel"
48.39848,16.44315,false,"Kellergasse, Pfösing, Wolkersdorf im Weinviertel"
48.39578,16.44302,false,"Rasserweg, Pfösing, Wolkersdorf im Weinviertel"
48.40818,16.51595,false,"Wolkersdorfer Straße, Riedenthal, Wolkersdorf im Weinviertel"
48.40868,16.51251,false,"Kellergasse, Riedenthal, Wolkersdorf im Weinviertel"
48.38337,16.52064,false,"Friedhofgasse, In Gruben, Wolkersdorf, Wolkersdorf im Weinviertel"
48.38353,16.51052,false,"Johannesgasse, Wolkersdorf, Wolkersdorf im Weinviertel"
48.38885,16.51529,false,"Kellergasse, Wolkersdorf, Wolkersdorf im Weinviertel"
48.38732,16.51413,false,"Klostergasse, Wolkersdorf, Wolkersdorf im Weinviertel"
48.59232,16.67304,false,"Fuchsenweg, Bullendorf, Wilfersdorf (Niederösterreich)"
48.59505,16.66014,false,"Lindengasse, Bullendorf, Wilfersdorf (Niederösterreich)"
48.5968,16.66709,false,"Lundenburger Straße, Bullendorf, Wilfersdorf (Niederösterreich)"
48.60541,16.6906,false,"Kapellenweg, Ebersdorf an der Zaya, Wilfersdorf (Niederösterreich)"
48.59262,16.69718,false,"Ladenberg, Ebersdorf an der Zaya, Wilfersdorf (Niederösterreich)"
48.57972,16.64405,false,"Kellergasse, Hobersdorf, Wilfersdorf (Niederösterreich)"
48.57611,16.63901,false,"Mühlgasse, Hobersdorf, Wilfersdorf (Niederösterreich)"
48.58181,16.6459,false,"Wiener Straße, Brunnengasse, Hobersdorf, Wilfersdorf (Niederösterreich)"
48.59308,16.64513,false,"Am Berg, Wilfersdorf, Wilfersdorf (Niederösterreich)"
48.59105,16.63971,false,"beim Sportplatz, Wilfersdorf, Wilfersdorf (Niederösterreich)"
48.58126,16.63541,false,"Neustiftgasse, Wilfersdorf, Wilfersdorf (Niederösterreich)"
48.29757,16.85051,false,"Galgenhöhe, Baumgarten an der March, Weiden an der March"
48.25875,16.74287,false,"Am Mühlberg, Untersiebenbrunn, Untersiebenbrunn"
48.25593,16.74663,false,"Kellergasse, Untersiebenbrunn, Untersiebenbrunn"
48.33057,16.76674,false,"Kellerplatz, Weikendorf, Weikendorf"
48.47683,16.70865,false,"Hintaus, Erdpreß, Sulz im Weinviertel"
48.47654,16.71603,false,"Hofäcker, Erdpreß, Sulz im Weinviertel"
48.48988,16.68808,false,"Am Steinberg, Niedersulz, Sulz im Weinviertel"
48.48616,16.68026,false,"Hintaus (bei der Kirche), Niedersulz, Sulz im Weinviertel"
48.48045,16.68174,false,"Hohenruppersdorfer Straße, Niedersulz, Sulz im Weinviertel"
48.49032,16.68136,false,"Kleine Kellergasse, Niedersulz, Sulz im Weinviertel"
48.48512,16.68413,false,", Niedersulz, Sulz im Weinviertel"
48.48423,16.67549,false,"Kellergasse Museumsdorf, Niedersulz, Sulz im Weinviertel"
48.49853,16.67215,false,"Am Anger, Obersulz, Sulz im Weinviertel"
48.50097,16.6707,false,"Hintaus, Obersulz, Sulz im Weinviertel"
48.49901,16.66975,false,"In den Ziegelgstetten, Obersulz, Sulz im Weinviertel"
48.50259,16.68076,false,"In der Klausen, Obersulz, Sulz im Weinviertel"
48.50767,16.67817,false,"In der Lehmgrube, Obersulz, Sulz im Weinviertel"
48.50171,16.67912,false,"Wachtberg, Obersulz, Sulz im Weinviertel"
48.5148,16.66672,false,", Obersulz, Sulz im Weinviertel"
48.5196089,16.706397,false,"Hintaus, Blumenthal, Zistersdorf"
48.55231,16.83107,false,", Eichhorn, Zistersdorf"
48.53052,16.71714,false,"Hausberg, Gaiselberg, Zistersdorf"
48.55596,16.78113,false,"Göstingbach, Gösting, Zistersdorf"
48.55578,16.77934,false,"Nördliches Hintaus, Gösting, Zistersdorf"
48.55161,16.78131,false,"Südliches Hintaus, Gösting, Zistersdorf"
48.52142,16.76774,false,"Feldgasse, Groß-Inzersdorf, Zistersdorf"
48.52233,16.75739,false,"Loidesthaler Straße, Groß-Inzersdorf, Zistersdorf"
48.5271,16.760762,false,"Totenweg, Groß-Inzersdorf, Zistersdorf"
48.49972,16.74551,false,"Bei der Kirche, Loidesthal, Zistersdorf"
48.49766,16.73823,false,"Bei der Winterzeile, Loidesthal, Zistersdorf"
48.50207,16.73835,false,"Bindergasserl, Loidesthal, Zistersdorf"
48.49467,16.74722,false,"Hauptstraße, Kellergasse, Loidesthal, Zistersdorf"
48.4991253,16.7451287,false,"Kirchenstraße, Loidesthal, Zistersdorf"
48.50079,16.74145,false,"Klause, Loidesthal, Zistersdorf"
48.49935,16.75096,false,"Verlängerung Lussweg, Loidesthal, Zistersdorf"
48.57372,16.70325,false,"Berikeller, Maustrenk, Zistersdorf"
48.57095,16.69827,false,"Hintaus, Maustrenk, Zistersdorf"
48.57753,16.70357,false,"Prinzenweg, Maustrenk, Zistersdorf"
48.5672,16.69989,false,"Riegel, Maustrenk, Zistersdorf"
48.56673,16.70457,false,"Steingraben, Maustrenk, Zistersdorf"
48.5545,16.73865,false,", Windisch Baumgarten, Zistersdorf"
48.54581,16.76539,false,"Iselberggasse, Stadtgraben, Zistersdorf, Zistersdorf"
48.54312,16.76883,false,"Schießstätte, Zistersdorf, Zistersdorf"
48.54421,16.75888,false,"Schlossberggasse, Zistersdorf, Zistersdorf"
48.38392,15.45063,false,"Kellergasse, Wösendorf, Weißenkirchen in der Wachau"
